{
    "config": {
        "model_name": "roberta-base",
        "dataset": "figlang-reddit",
        "output_dir": "./out",
        "batch_size": 64,
        "epochs": 10,
        "pretrain_epochs": 10,
        "lr": 2e-05,
        "model_lr": 5e-07,
        "dropout": 0.3,
        "temperature": 0.07
    },
    "pretrain_losses": [
        4.140223826131513,
        4.1238709918914305,
        4.087484613541634,
        4.005877429439176,
        3.8656624709406207,
        3.6799547326180244,
        3.609621936275113,
        3.5409380312888854,
        3.504103406783073,
        3.4932219366873465
    ],
    "finetune_losses": [
        0.6723352334191722,
        0.44371150337880655,
        0.27374508087673494,
        0.1682747197487662,
        0.09063192084431648
    ],
    "validation_metrics": [
        {
            "epoch": 1,
            "precision": 0.6845121610287951,
            "recall": 0.6636363636363636,
            "macro_f1": 0.6538453360549425
        },
        {
            "epoch": 2,
            "precision": 0.6831826134614979,
            "recall": 0.6795454545454546,
            "macro_f1": 0.6779468331957703
        },
        {
            "epoch": 3,
            "precision": 0.6801745765171777,
            "recall": 0.6795454545454546,
            "macro_f1": 0.6792654745102904
        },
        {
            "epoch": 4,
            "precision": 0.6750036157771855,
            "recall": 0.675,
            "macro_f1": 0.6749983212723206
        },
        {
            "epoch": 5,
            "precision": 0.6730848861283645,
            "recall": 0.6727272727272727,
            "macro_f1": 0.6725581395348837
        }
    ],
    "test_metrics": {
        "precision": 0.5882029400980033,
        "recall": 0.5816666666666667,
        "macro_f1": 0.5737702340427204
    }
}