{
    "config": {
        "model_name": "roberta-base",
        "dataset": "figlang-twitter",
        "output_dir": "./out",
        "batch_size": 64,
        "pretrain_epochs": 20,
        "epochs": 10,
        "pretrain_lr": 5e-05,
        "classifier_lr": 3e-05,
        "model_lr": 5e-07,
        "dropout": 0.3,
        "temperature": 0.5
    },
    "pretrain_losses": [
        4.07705046425403,
        4.041284483923039,
        3.9599678818608672,
        3.8189538263938796,
        3.688509907520993,
        3.6431627575780303,
        3.587430480500342,
        3.5468796541993046,
        3.5297830776429513,
        3.5158647920044377,
        3.5467190742492676,
        3.490522287261318,
        3.4777267315018343,
        3.512758940038547,
        3.4797611471632837,
        3.4740521538425497,
        3.5039418918985716,
        3.4796843293686988,
        3.481097291892683,
        3.4791316348062433
    ],
    "finetune_losses": [
        0.38353993586251434,
        0.14346017195305355,
        0.064216831357966,
        0.039458503605614245,
        0.029722912551861415,
        0.02281747417340816,
        0.02035079666898704
    ],
    "validation_metrics": [
        {
            "epoch": 1,
            "precision": 0.8381352541016407,
            "recall": 0.838,
            "macro_f1": 0.8379837983798379
        },
        {
            "epoch": 2,
            "precision": 0.8472501003613007,
            "recall": 0.846,
            "macro_f1": 0.8458612751476329
        },
        {
            "epoch": 3,
            "precision": 0.8472501003613007,
            "recall": 0.846,
            "macro_f1": 0.8458612751476329
        },
        {
            "epoch": 4,
            "precision": 0.849431270483902,
            "recall": 0.848,
            "macro_f1": 0.847844192453072
        },
        {
            "epoch": 5,
            "precision": 0.850948966004075,
            "recall": 0.85,
            "macro_f1": 0.8498985314072313
        },
        {
            "epoch": 6,
            "precision": 0.8490947611710324,
            "recall": 0.848,
            "macro_f1": 0.8478807384989833
        },
        {
            "epoch": 7,
            "precision": 0.849431270483902,
            "recall": 0.848,
            "macro_f1": 0.847844192453072
        }
    ],
    "test_metrics": {
        "precision": 0.7171036925035811,
        "recall": 0.7155555555555555,
        "macro_f1": 0.7150475662786498
    }
}