{
    "config": {
        "model_name": "roberta-base",
        "dataset": "figlang-twitter",
        "output_dir": "./out",
        "batch_size": 64,
        "pretrain_epochs": 20,
        "epochs": 10,
        "pretrain_lr": 5e-05,
        "classifier_lr": 3e-05,
        "model_lr": 5e-07,
        "dropout": 0.3,
        "temperature": 0.07
    },
    "pretrain_losses": [
        4.065693093017793,
        3.957821422899273,
        3.8607197580203203,
        3.685198229803166,
        3.5833734928722114,
        3.499920109627952,
        3.5181340398922774,
        3.500392907102343,
        3.49744588556424,
        3.466601717639977,
        3.4638391481318944,
        3.469007307374981,
        3.4695174190360056,
        3.461592674255371,
        3.4570487855185923,
        3.4572929462916413,
        3.4696690163142243,
        3.4406538311864288,
        3.439584305588628,
        3.437860952296727
    ],
    "finetune_losses": [
        0.94174458443279,
        0.538222781789135,
        0.2859955285216721,
        0.1636942051036257,
        0.10609361015155282,
        0.07610652202241858,
        0.05938160293538806,
        0.049825022233204105,
        0.04416386678185261
    ],
    "validation_metrics": [
        {
            "epoch": 1,
            "precision": 0.22410865874363328,
            "recall": 0.24,
            "macro_f1": 0.2288961038961039
        },
        {
            "epoch": 2,
            "precision": 0.8224178535381855,
            "recall": 0.8220000000000001,
            "macro_f1": 0.8219423093082159
        },
        {
            "epoch": 3,
            "precision": 0.8245192307692308,
            "recall": 0.8240000000000001,
            "macro_f1": 0.8239295718287314
        },
        {
            "epoch": 4,
            "precision": 0.8287574571813459,
            "recall": 0.8280000000000001,
            "macro_f1": 0.8279008709016393
        },
        {
            "epoch": 5,
            "precision": 0.8287574571813459,
            "recall": 0.8280000000000001,
            "macro_f1": 0.8279008709016393
        },
        {
            "epoch": 6,
            "precision": 0.8308947393752707,
            "recall": 0.8300000000000001,
            "macro_f1": 0.8298850022615287
        },
        {
            "epoch": 7,
            "precision": 0.8306401192709085,
            "recall": 0.8300000000000001,
            "macro_f1": 0.8299176801571961
        },
        {
            "epoch": 8,
            "precision": 0.8306401192709085,
            "recall": 0.8300000000000001,
            "macro_f1": 0.8299176801571961
        },
        {
            "epoch": 9,
            "precision": 0.8306401192709085,
            "recall": 0.8300000000000001,
            "macro_f1": 0.8299176801571961
        }
    ],
    "test_metrics": {
        "precision": 0.724692584772078,
        "recall": 0.7233333333333334,
        "macro_f1": 0.7229142839479459
    }
}