{
    "config": {
        "model_name": "roberta-base",
        "dataset": "figlang-reddit",
        "output_dir": "./out",
        "batch_size": 64,
        "epochs": 10,
        "pretrain_epochs": 10,
        "lr": 3e-05,
        "model_lr": 5e-07,
        "dropout": 0.3,
        "temperature": 0.07
    },
    "pretrain_losses": [
        4.137208896298563,
        4.119574089204112,
        4.0726579466173725,
        3.9547521798841414,
        3.804007987822256,
        3.596722595153316,
        3.538817274955011,
        3.547699743701566,
        3.548149635714869,
        3.4993753894682853
    ],
    "finetune_losses": [
        0.7321948601353553,
        0.5180595132612413,
        0.36137204737432543,
        0.25325327727102465,
        0.17101091603117605,
        0.10756883632031179
    ],
    "validation_metrics": [
        {
            "epoch": 1,
            "precision": 0.25,
            "recall": 0.5,
            "macro_f1": 0.3333333333333333
        },
        {
            "epoch": 2,
            "precision": 0.25,
            "recall": 0.5,
            "macro_f1": 0.3333333333333333
        },
        {
            "epoch": 3,
            "precision": 0.6941287878787878,
            "recall": 0.6863636363636363,
            "macro_f1": 0.6831955922865014
        },
        {
            "epoch": 4,
            "precision": 0.692195690157251,
            "recall": 0.6909090909090909,
            "macro_f1": 0.6903909435211821
        },
        {
            "epoch": 5,
            "precision": 0.6863790395900488,
            "recall": 0.6863636363636363,
            "macro_f1": 0.6863571561395896
        },
        {
            "epoch": 6,
            "precision": 0.6865023571251343,
            "recall": 0.6863636363636363,
            "macro_f1": 0.6863053047054204
        }
    ],
    "test_metrics": {
        "precision": 0.5748774327737335,
        "recall": 0.5622222222222222,
        "macro_f1": 0.5429087041990268
    }
}