{
    "config": {
        "model_name": "roberta-base",
        "dataset": "figlang-twitter",
        "output_dir": "./out",
        "batch_size": 64,
        "pretrain_epochs": 20,
        "epochs": 10,
        "pretrain_lr": 5e-05,
        "classifier_lr": 2e-05,
        "model_lr": 1e-06,
        "dropout": 0.1,
        "temperature": 0.2
    },
    "pretrain_losses": [
        4.0741088894051565,
        3.975128821923699,
        3.820311190376819,
        3.6556306859137306,
        3.559816850742824,
        3.501953081345894,
        3.4967879980382786,
        3.459324860237014,
        3.461403702346372,
        3.4533762428122508,
        3.4359967003405933,
        3.437102814795266,
        3.433223072911652,
        3.4368642551798216,
        3.4306735018609276,
        3.428975410864387,
        3.4321791521260434,
        3.4303053634267457,
        3.4282205810009594,
        3.4325785804802265
    ],
    "finetune_losses": [
        0.5485133746979942,
        0.1595673078382519,
        0.07262220858058459,
        0.041732571127129275,
        0.02827018349838089,
        0.021874413261531105
    ],
    "validation_metrics": [
        {
            "epoch": 1,
            "precision": 0.8401959528688525,
            "recall": 0.84,
            "macro_f1": 0.8399769566817622
        },
        {
            "epoch": 2,
            "precision": 0.8480891108123679,
            "recall": 0.848,
            "macro_f1": 0.8479902713773682
        },
        {
            "epoch": 3,
            "precision": 0.848,
            "recall": 0.848,
            "macro_f1": 0.848
        },
        {
            "epoch": 4,
            "precision": 0.8565705128205128,
            "recall": 0.856,
            "macro_f1": 0.8559423769507803
        },
        {
            "epoch": 5,
            "precision": 0.850274615298394,
            "recall": 0.85,
            "macro_f1": 0.8499705942364704
        },
        {
            "epoch": 6,
            "precision": 0.850274615298394,
            "recall": 0.85,
            "macro_f1": 0.8499705942364704
        }
    ],
    "test_metrics": {
        "precision": 0.7111277928132593,
        "recall": 0.711111111111111,
        "macro_f1": 0.7111054045512011
    }
}