{
    "config": {
        "batch_size": 64,
        "classifier_lr": 3e-05,
        "dataset": "figlang-reddit",
        "dropout": 0.1,
        "epochs": 10,
        "model_lr": 1e-06,
        "model_name": "roberta-base",
        "output_dir": "./out",
        "pretrain_epochs": 0,
        "pretrain_lr": 3e-05,
        "temperature": 0.5
    },
    "pretrain_losses": [],
    "finetune_losses": [
        0.7119434350921262,
        0.6956335806077526,
        0.6973380407979411,
        0.691729873418808,
        0.6926795234603267,
        0.6934651415194234,
        0.6921350263780163,
        0.688253874740293,
        0.6897675135443287,
        0.6921051904078452
    ],
    "validation_metrics": [
        {
            "epoch": 1,
            "precision": 0.25,
            "recall": 0.5,
            "macro_f1": 0.3333333333333333
        },
        {
            "epoch": 2,
            "precision": 0.3726851851851852,
            "recall": 0.4909090909090909,
            "macro_f1": 0.33699278872026694
        },
        {
            "epoch": 3,
            "precision": 0.53054424287301,
            "recall": 0.5272727272727273,
            "macro_f1": 0.514266304347826
        },
        {
            "epoch": 4,
            "precision": 0.5425696594427245,
            "recall": 0.5363636363636364,
            "macro_f1": 0.5188266575177974
        },
        {
            "epoch": 5,
            "precision": 0.5561020036429872,
            "recall": 0.5477272727272727,
            "macro_f1": 0.5301945003353454
        },
        {
            "epoch": 6,
            "precision": 0.5745762711864406,
            "recall": 0.5659090909090909,
            "macro_f1": 0.5529192711796781
        },
        {
            "epoch": 7,
            "precision": 0.5590186323285533,
            "recall": 0.55,
            "macro_f1": 0.5321260552941934
        },
        {
            "epoch": 8,
            "precision": 0.5998185117967332,
            "recall": 0.5954545454545455,
            "macro_f1": 0.5909841031104426
        },
        {
            "epoch": 9,
            "precision": 0.5831824743921721,
            "recall": 0.575,
            "macro_f1": 0.5642849199582713
        },
        {
            "epoch": 10,
            "precision": 0.5679364608809506,
            "recall": 0.5568181818181818,
            "macro_f1": 0.5379122033186305
        }
    ],
    "test_metrics": {
        "precision": 0.5243841514910017,
        "recall": 0.5227777777777778,
        "macro_f1": 0.5147865823521272
    }
}