{
    "config": {
        "batch_size": 64,
        "classifier_lr": 3e-05,
        "dataset": "figlang-reddit",
        "dropout": 0.2,
        "epochs": 10,
        "model_lr": 1e-06,
        "model_name": "roberta-base",
        "output_dir": "./out",
        "pretrain_epochs": 20,
        "pretrain_lr": 1e-05,
        "temperature": 0.2
    },
    "pretrain_losses": [
        4.140399217605591,
        4.12593989218435,
        4.089057318625912,
        4.027802724992076,
        3.9292300862650715,
        3.799305296713306,
        3.693209678896012,
        3.6384346908138645,
        3.5765440733202043,
        3.5286562135142665,
        3.5189153032918132,
        3.492056638963761,
        3.496252106082055,
        3.483845018571423,
        3.4691055436288156,
        3.4807976484298706,
        3.46153155449898,
        3.469121967592547,
        3.468442932251961,
        3.460828527327507
    ],
    "finetune_losses": [
        0.7079920672601269,
        0.548802938672804,
        0.164586522706574,
        0.0586880685220803,
        0.0346758620092465,
        0.027201898846655123,
        0.02891667215754428
    ],
    "validation_metrics": [
        {
            "epoch": 1,
            "precision": 0.6772249790552298,
            "recall": 0.6704545454545454,
            "macro_f1": 0.6672768329760992
        },
        {
            "epoch": 2,
            "precision": 0.6873546028580924,
            "recall": 0.6863636363636364,
            "macro_f1": 0.6859483614697119
        },
        {
            "epoch": 3,
            "precision": 0.6867494824016562,
            "recall": 0.6863636363636364,
            "macro_f1": 0.6862015503875969
        },
        {
            "epoch": 4,
            "precision": 0.6863790395900488,
            "recall": 0.6863636363636363,
            "macro_f1": 0.6863571561395896
        },
        {
            "epoch": 5,
            "precision": 0.6958592132505177,
            "recall": 0.6954545454545454,
            "macro_f1": 0.695297157622739
        },
        {
            "epoch": 6,
            "precision": 0.6750325473745118,
            "recall": 0.675,
            "macro_f1": 0.6749848908265363
        },
        {
            "epoch": 7,
            "precision": 0.6818181818181818,
            "recall": 0.6818181818181818,
            "macro_f1": 0.6818181818181818
        }
    ],
    "test_metrics": {
        "precision": 0.5819955599683173,
        "recall": 0.5816666666666667,
        "macro_f1": 0.5812467502134084
    }
}