{
    "config": {
        "batch_size": 64,
        "classifier_lr": 3e-05,
        "dataset": "figlang-reddit",
        "dropout": 0.2,
        "epochs": 10,
        "model_lr": 1e-06,
        "model_name": "roberta-base",
        "output_dir": "./out",
        "pretrain_epochs": 0,
        "pretrain_lr": 5e-05,
        "temperature": 0.07
    },
    "pretrain_losses": [],
    "finetune_losses": [
        0.6948251743470469,
        0.6937128257366919,
        0.6923080327049378,
        0.6902508668361171,
        0.690168809506201,
        0.6896700532205643,
        0.6865492789976059,
        0.6858003793224212,
        0.6851814100819249,
        0.6829300330531213
    ],
    "validation_metrics": [
        {
            "epoch": 1,
            "precision": 0.5177587121474203,
            "recall": 0.5159090909090909,
            "macro_f1": 0.5029672410227037
        },
        {
            "epoch": 2,
            "precision": 0.5568757626522719,
            "recall": 0.5568181818181819,
            "macro_f1": 0.5567059844692097
        },
        {
            "epoch": 3,
            "precision": 0.5893162393162392,
            "recall": 0.5863636363636364,
            "macro_f1": 0.5829166666666667
        },
        {
            "epoch": 4,
            "precision": 0.595525597551898,
            "recall": 0.5954545454545455,
            "macro_f1": 0.5953793060693104
        },
        {
            "epoch": 5,
            "precision": 0.6062068965517242,
            "recall": 0.5954545454545455,
            "macro_f1": 0.5849496555378908
        },
        {
            "epoch": 6,
            "precision": 0.6068203888510093,
            "recall": 0.6068181818181818,
            "macro_f1": 0.6068161509098704
        },
        {
            "epoch": 7,
            "precision": 0.6095919448860625,
            "recall": 0.6068181818181818,
            "macro_f1": 0.6043144899285251
        },
        {
            "epoch": 8,
            "precision": 0.6182697874452072,
            "recall": 0.6181818181818182,
            "macro_f1": 0.618110805728338
        },
        {
            "epoch": 9,
            "precision": 0.6138716356107661,
            "recall": 0.6136363636363636,
            "macro_f1": 0.6134366925064599
        },
        {
            "epoch": 10,
            "precision": 0.6319927176431646,
            "recall": 0.6318181818181818,
            "macro_f1": 0.6316964285714286
        }
    ],
    "test_metrics": {
        "precision": 0.4799046338425813,
        "recall": 0.48,
        "macro_f1": 0.4793823289112144
    }
}