{
    "config": {
        "batch_size": 64,
        "classifier_lr": 1e-05,
        "dataset": "figlang-reddit",
        "dropout": 0.1,
        "epochs": 10,
        "model_lr": 1e-06,
        "model_name": "roberta-base",
        "output_dir": "./out",
        "pretrain_epochs": 20,
        "pretrain_lr": 1e-05,
        "temperature": 0.2
    },
    "pretrain_losses": [
        4.14081185863864,
        4.132211639035132,
        4.102856682192895,
        4.048329584060177,
        3.950995502933379,
        3.8037573829773934,
        3.701530606515946,
        3.603115681679018,
        3.556743194980006,
        3.5151919472602104,
        3.508309891146998,
        3.4814898006377684,
        3.4763698923972344,
        3.489967788419416,
        3.4684246240123624,
        3.4615642486080045,
        3.4705458917925434,
        3.459091786415346,
        3.4619795199363463,
        3.458073619873293
    ],
    "finetune_losses": [
        0.47572819407909145,
        0.12961592645414413,
        0.06674236563905593
    ],
    "validation_metrics": [
        {
            "epoch": 1,
            "precision": 0.6815295272712081,
            "recall": 0.6795454545454546,
            "macro_f1": 0.6786674332240471
        },
        {
            "epoch": 2,
            "precision": 0.6797837566004525,
            "recall": 0.6772727272727272,
            "macro_f1": 0.676141900437478
        },
        {
            "epoch": 3,
            "precision": 0.6794078287052526,
            "recall": 0.6772727272727272,
            "macro_f1": 0.6763096816976127
        }
    ],
    "test_metrics": {
        "precision": 0.5648083737310059,
        "recall": 0.5588888888888889,
        "macro_f1": 0.5485809294709818
    }
}