{
    "config": {
        "batch_size": 64,
        "classifier_lr": 1e-05,
        "dataset": "figlang-reddit",
        "dropout": 0.2,
        "epochs": 10,
        "model_lr": 5e-07,
        "model_name": "roberta-base",
        "output_dir": "./out",
        "pretrain_epochs": 20,
        "pretrain_lr": 5e-05,
        "temperature": 0.2
    },
    "pretrain_losses": [
        4.13803969660113,
        4.1385583031562065,
        4.141082679071734,
        4.140852420560775,
        4.141047669995215,
        4.141039548381682,
        4.140943096530053,
        4.140694441333894,
        4.141048431396484,
        4.141045685737364,
        4.141013614593014,
        4.140769604713686,
        4.141047754595356,
        4.141050077253772,
        4.141051946147796,
        4.141051046309933,
        4.141048316032656,
        4.141050008035475,
        4.141048723651517,
        4.141049185106831
    ],
    "finetune_losses": [
        0.7129234508160622,
        0.6978069630361372,
        0.7040970383151886,
        0.7056141091931251,
        0.699675916664062
    ],
    "validation_metrics": [
        {
            "epoch": 1,
            "precision": 0.25,
            "recall": 0.5,
            "macro_f1": 0.3333333333333333
        },
        {
            "epoch": 2,
            "precision": 0.25,
            "recall": 0.5,
            "macro_f1": 0.3333333333333333
        },
        {
            "epoch": 3,
            "precision": 0.5440705128205128,
            "recall": 0.5090909090909091,
            "macro_f1": 0.3875657284256109
        },
        {
            "epoch": 4,
            "precision": 0.25,
            "recall": 0.5,
            "macro_f1": 0.3333333333333333
        },
        {
            "epoch": 5,
            "precision": 0.25,
            "recall": 0.5,
            "macro_f1": 0.3333333333333333
        }
    ],
    "test_metrics": {
        "precision": 0.5561571846531428,
        "recall": 0.505,
        "macro_f1": 0.3590232918578213
    }
}