{
    "config": {
        "model_name": "roberta-base",
        "dataset": "figlang-twitter",
        "output_dir": "./out",
        "batch_size": 64,
        "pretrain_epochs": 20,
        "epochs": 10,
        "pretrain_lr": 3e-05,
        "classifier_lr": 3e-05,
        "model_lr": 5e-07,
        "dropout": 0.1,
        "temperature": 0.2
    },
    "pretrain_losses": [
        4.070968188030619,
        3.9874137153088207,
        3.865457578444145,
        3.7257864273769754,
        3.582808000940672,
        3.5236037348357723,
        3.4922574876059946,
        3.4590924860725942,
        3.4669672939139353,
        3.4494201364651533,
        3.447419371403439,
        3.4377803668169906,
        3.4325840170954316,
        3.434040690811587,
        3.430890415755796,
        3.430939563563172,
        3.432766272988118,
        3.4337649681198763,
        3.4276373184902567,
        3.428739950690471
    ],
    "finetune_losses": [
        0.46803752427369777,
        0.14528090412348088,
        0.07230036049871377,
        0.046391193977963756
    ],
    "validation_metrics": [
        {
            "epoch": 1,
            "precision": 0.8484587247619202,
            "recall": 0.8460000000000001,
            "macro_f1": 0.8457278639520114
        },
        {
            "epoch": 2,
            "precision": 0.8488036435948425,
            "recall": 0.848,
            "macro_f1": 0.8479123975409837
        },
        {
            "epoch": 3,
            "precision": 0.8421368547418968,
            "recall": 0.842,
            "macro_f1": 0.841984198419842
        },
        {
            "epoch": 4,
            "precision": 0.8421368547418968,
            "recall": 0.842,
            "macro_f1": 0.841984198419842
        }
    ],
    "test_metrics": {
        "precision": 0.7321410058319417,
        "recall": 0.7294444444444445,
        "macro_f1": 0.7286564594527751
    }
}