{
    "config": {
        "batch_size": 64,
        "classifier_lr": 3e-05,
        "dataset": "figlang-reddit",
        "dropout": 0.1,
        "epochs": 10,
        "model_lr": 5e-07,
        "model_name": "roberta-base",
        "output_dir": "./out",
        "pretrain_epochs": 20,
        "pretrain_lr": 3e-05,
        "temperature": 0.07
    },
    "pretrain_losses": [
        4.1395718359178115,
        4.129275352724137,
        4.140897412453929,
        4.140783148427164,
        4.128430093488386,
        4.091984064348282,
        4.003877605161359,
        3.8148706420775382,
        3.6305197515795307,
        3.532305802068403,
        3.4889187235986032,
        3.4758836607779227,
        3.45822480417067,
        3.4537838505160425,
        3.4559766823245632,
        3.450402044480847,
        3.4446735612807737,
        3.4506325683286114,
        3.445726525398993,
        3.4445940217664166
    ],
    "finetune_losses": [
        0.46835784373744843,
        0.23053159612801769,
        0.10593404632902914,
        0.06485613976274768,
        0.045591879035195994,
        0.034468007664526665
    ],
    "validation_metrics": [
        {
            "epoch": 1,
            "precision": 0.6897421341077317,
            "recall": 0.6795454545454545,
            "macro_f1": 0.6751815454531176
        },
        {
            "epoch": 2,
            "precision": 0.6976284584980237,
            "recall": 0.6931818181818181,
            "macro_f1": 0.69144620307411
        },
        {
            "epoch": 3,
            "precision": 0.6976284584980237,
            "recall": 0.6931818181818181,
            "macro_f1": 0.69144620307411
        },
        {
            "epoch": 4,
            "precision": 0.6996791624451199,
            "recall": 0.6954545454545454,
            "macro_f1": 0.6938351611831173
        },
        {
            "epoch": 5,
            "precision": 0.6976284584980237,
            "recall": 0.6931818181818181,
            "macro_f1": 0.69144620307411
        },
        {
            "epoch": 6,
            "precision": 0.6996791624451199,
            "recall": 0.6954545454545454,
            "macro_f1": 0.6938351611831173
        }
    ],
    "test_metrics": {
        "precision": 0.5873780934663735,
        "recall": 0.5688888888888889,
        "macro_f1": 0.544809300906862
    }
}