{
    "config": {
        "batch_size": 64,
        "classifier_lr": 1e-05,
        "dataset": "figlang-reddit",
        "dropout": 0.2,
        "epochs": 10,
        "model_lr": 1e-06,
        "model_name": "roberta-base",
        "output_dir": "./out",
        "pretrain_epochs": 20,
        "pretrain_lr": 3e-05,
        "temperature": 0.5
    },
    "pretrain_losses": [
        4.1428777556265555,
        4.141282735332366,
        4.143364452546643,
        4.14138537837613,
        4.143417104598014,
        4.143098846558602,
        4.142801461681243,
        4.143099192650087,
        4.143097231465001,
        4.143096646954937,
        4.143095670207854,
        4.143079211634975,
        4.141084178801505,
        4.139435737363754,
        4.119319450470709,
        4.092609001744178,
        4.062208029531663,
        4.053705273136016,
        4.032481574243115,
        4.034002507886579
    ],
    "finetune_losses": [
        0.555715411901474,
        0.43765761438877354,
        0.43324373950881345,
        0.4312327778147113
    ],
    "validation_metrics": [
        {
            "epoch": 1,
            "precision": 0.6795491642389306,
            "recall": 0.6795454545454545,
            "macro_f1": 0.6795437992964839
        },
        {
            "epoch": 2,
            "precision": 0.6935056602992612,
            "recall": 0.6931818181818181,
            "macro_f1": 0.6930533952738491
        },
        {
            "epoch": 3,
            "precision": 0.6818332093561452,
            "recall": 0.6818181818181819,
            "macro_f1": 0.6818116076778447
        },
        {
            "epoch": 4,
            "precision": 0.688733850129199,
            "recall": 0.6886363636363636,
            "macro_f1": 0.688596151362521
        }
    ],
    "test_metrics": {
        "precision": 0.5303929196654348,
        "recall": 0.5277777777777778,
        "macro_f1": 0.5173964389534884
    }
}