{
    "config": {
        "batch_size": 64,
        "classifier_lr": 3e-05,
        "dataset": "figlang-reddit",
        "dropout": 0.2,
        "epochs": 10,
        "model_lr": 1e-06,
        "model_name": "roberta-base",
        "output_dir": "./out",
        "pretrain_epochs": 20,
        "pretrain_lr": 3e-05,
        "temperature": 0.07
    },
    "pretrain_losses": [
        4.1401671363461405,
        4.13575553894043,
        4.111864274547946,
        4.043561462433107,
        3.904016694714946,
        3.712213866172298,
        3.595154139303392,
        3.5329315508565595,
        3.472505200293756,
        3.4556976672141784,
        3.47137999919153,
        3.4529451439457555,
        3.447711313924482,
        3.449653317851405,
        3.4462748381399337,
        3.449370441898223,
        3.4449993718054985,
        3.447471453297523,
        3.4479272596297728,
        3.445840862489516
    ],
    "finetune_losses": [
        0.5964357857742617,
        0.26972074362058795,
        0.039119678639596506,
        0.014118435372027659
    ],
    "validation_metrics": [
        {
            "epoch": 1,
            "precision": 0.6871326940921745,
            "recall": 0.6499999999999999,
            "macro_f1": 0.631731124589665
        },
        {
            "epoch": 2,
            "precision": 0.7250046488563813,
            "recall": 0.7250000000000001,
            "macro_f1": 0.7249985795381175
        },
        {
            "epoch": 3,
            "precision": 0.7172060443557606,
            "recall": 0.7159090909090908,
            "macro_f1": 0.7154843749191717
        },
        {
            "epoch": 4,
            "precision": 0.7221112013155977,
            "recall": 0.7204545454545455,
            "macro_f1": 0.719932311800413
        }
    ],
    "test_metrics": {
        "precision": 0.5654621628698613,
        "recall": 0.5583333333333333,
        "macro_f1": 0.5459724328167699
    }
}