{
    "config": {
        "model_name": "roberta-base",
        "dataset": "figlang-twitter",
        "output_dir": "./out",
        "batch_size": 64,
        "pretrain_epochs": 20,
        "epochs": 10,
        "pretrain_lr": 5e-05,
        "classifier_lr": 3e-05,
        "model_lr": 5e-07,
        "dropout": 0.5,
        "temperature": 0.5
    },
    "pretrain_losses": [
        4.077088809349168,
        3.968021684968975,
        3.8577323799401944,
        3.725107535509996,
        3.628836604910837,
        3.5835502449895293,
        3.523676052899428,
        3.5566821702769107,
        3.540078384775511,
        3.4950474685346578,
        3.5056478439922065,
        3.4921310720309404,
        3.5155735284509793,
        3.508615487058398,
        3.473352072944104,
        3.493936709954705,
        3.4877669945569107,
        3.532792306282151,
        3.4944165827522817,
        3.500879825001032
    ],
    "finetune_losses": [
        0.4270956839474154,
        0.16722447257226622,
        0.07829926556474726,
        0.047558836035535366,
        0.033336818165762325,
        0.026974680610525777
    ],
    "validation_metrics": [
        {
            "epoch": 1,
            "precision": 0.8123198154910629,
            "recall": 0.812,
            "macro_f1": 0.8119518596760771
        },
        {
            "epoch": 2,
            "precision": 0.8180457985949976,
            "recall": 0.8180000000000001,
            "macro_f1": 0.8179934477641195
        },
        {
            "epoch": 3,
            "precision": 0.8201844262295082,
            "recall": 0.8200000000000001,
            "macro_f1": 0.8199740762669825
        },
        {
            "epoch": 4,
            "precision": 0.824332116086873,
            "recall": 0.8240000000000001,
            "macro_f1": 0.8239549324627105
        },
        {
            "epoch": 5,
            "precision": 0.8245192307692308,
            "recall": 0.8240000000000001,
            "macro_f1": 0.8239295718287314
        },
        {
            "epoch": 6,
            "precision": 0.8247482198986464,
            "recall": 0.8240000000000001,
            "macro_f1": 0.8238985655737705
        }
    ],
    "test_metrics": {
        "precision": 0.7163464226128287,
        "recall": 0.7150000000000001,
        "macro_f1": 0.7145558877253159
    }
}