{
    "config": {
        "batch_size": 64,
        "classifier_lr": 1e-05,
        "dataset": "figlang-reddit",
        "dropout": 0.5,
        "epochs": 10,
        "model_lr": 1e-06,
        "model_name": "roberta-base",
        "output_dir": "./out",
        "pretrain_epochs": 20,
        "pretrain_lr": 1e-05,
        "temperature": 0.07
    },
    "pretrain_losses": [
        4.141171470765145,
        4.136408798156246,
        4.105527139479114,
        4.048691441935878,
        3.973919091686126,
        3.8278690076643422,
        3.7045485319629794,
        3.6325516393107753,
        3.5660326634683917,
        3.5185121874655447,
        3.5034300934883857,
        3.495434207300986,
        3.484254229453302,
        3.484273572121897,
        3.468780279159546,
        3.4693650084157146,
        3.468558011516448,
        3.467229562420999,
        3.4627755495809738,
        3.4644102165775914
    ],
    "finetune_losses": [
        0.5811596084986964,
        0.3545107930417984,
        0.18072802104776906,
        0.06649170671739886,
        0.039390555643025904,
        0.03150190154631292
    ],
    "validation_metrics": [
        {
            "epoch": 1,
            "precision": 0.696078431372549,
            "recall": 0.6,
            "macro_f1": 0.5441595441595442
        },
        {
            "epoch": 2,
            "precision": 0.6790281329923273,
            "recall": 0.675,
            "macro_f1": 0.6731615336266499
        },
        {
            "epoch": 3,
            "precision": 0.6852631578947368,
            "recall": 0.6818181818181819,
            "macro_f1": 0.6803321224701608
        },
        {
            "epoch": 4,
            "precision": 0.6886402611624207,
            "recall": 0.6886363636363637,
            "macro_f1": 0.6886347553448107
        },
        {
            "epoch": 5,
            "precision": 0.6882460973370064,
            "recall": 0.6863636363636363,
            "macro_f1": 0.6855775803144224
        },
        {
            "epoch": 6,
            "precision": 0.6840080294412847,
            "recall": 0.6818181818181819,
            "macro_f1": 0.680868700265252
        }
    ],
    "test_metrics": {
        "precision": 0.5696791432216718,
        "recall": 0.5672222222222222,
        "macro_f1": 0.5633733039923847
    }
}