{
    "config": {
        "model_name": "roberta-base",
        "dataset": "figlang-reddit",
        "output_dir": "./out",
        "batch_size": 64,
        "epochs": 10,
        "pretrain_epochs": 20,
        "lr": 2e-05,
        "model_lr": 5e-07,
        "dropout": 0.3,
        "temperature": 0.07
    },
    "pretrain_losses": [
        4.140140133519327,
        4.122862219810486,
        4.081655633065008,
        3.9870305522795646,
        3.8199075806525444,
        3.6455275743238387,
        3.5675177535703106,
        3.5281934930432226,
        3.4849352375153573,
        3.489272763652186,
        3.4902686342116325,
        3.509911310288214,
        3.4861482766366776,
        3.466151156733113,
        3.4884078002745107,
        3.462432215290685,
        3.467431018429418,
        3.4733164079727663,
        3.4664328405933995,
        3.465950708235464
    ],
    "finetune_losses": [
        0.7412292044008931,
        0.563410319628254,
        0.3352477978314123,
        0.14635525295330631,
        0.06910366198468593,
        0.041903529706741535,
        0.027538643609131535
    ],
    "validation_metrics": [
        {
            "epoch": 1,
            "precision": 0.25,
            "recall": 0.5,
            "macro_f1": 0.3333333333333333
        },
        {
            "epoch": 2,
            "precision": 0.6763150773330002,
            "recall": 0.675,
            "macro_f1": 0.6743928503045451
        },
        {
            "epoch": 3,
            "precision": 0.7070090331214454,
            "recall": 0.7045454545454546,
            "macro_f1": 0.7036637931034483
        },
        {
            "epoch": 4,
            "precision": 0.7066115702479339,
            "recall": 0.7045454545454546,
            "macro_f1": 0.7038049669628617
        },
        {
            "epoch": 5,
            "precision": 0.7116092338574774,
            "recall": 0.7090909090909091,
            "macro_f1": 0.7082228116710876
        },
        {
            "epoch": 6,
            "precision": 0.7029814849370737,
            "recall": 0.7022727272727273,
            "macro_f1": 0.7020126039776458
        },
        {
            "epoch": 7,
            "precision": 0.7029814849370737,
            "recall": 0.7022727272727273,
            "macro_f1": 0.7020126039776458
        }
    ],
    "test_metrics": {
        "precision": 0.572446375046834,
        "recall": 0.5611111111111111,
        "macro_f1": 0.543244646133447
    }
}