{
    "config": {
        "model_name": "roberta-base",
        "dataset": "figlang-twitter",
        "output_dir": "./out",
        "batch_size": 64,
        "pretrain_epochs": 20,
        "epochs": 10,
        "pretrain_lr": 5e-05,
        "classifier_lr": 3e-05,
        "model_lr": 5e-07,
        "dropout": 0.1,
        "temperature": 0.5
    },
    "pretrain_losses": [
        4.101672575507365,
        4.053248321506339,
        3.9742802230405134,
        3.8521009196697826,
        3.796073957228325,
        3.651361539330281,
        3.639364252627735,
        3.5756756957148164,
        3.5633314193134575,
        3.505093661832138,
        3.4976994789822,
        3.505184704149273,
        3.5294105603661334,
        3.5091423585381305,
        3.5032282312151413,
        3.4709387463583075,
        3.4799080230820345,
        3.512163803611003,
        3.501271687762838,
        3.4945218160118854
    ],
    "finetune_losses": [
        0.45329869339163875,
        0.17475389363900037,
        0.07587530133380017,
        0.04727289770585551
    ],
    "validation_metrics": [
        {
            "epoch": 1,
            "precision": 0.82008194097689,
            "recall": 0.8200000000000001,
            "macro_f1": 0.8199884792626728
        },
        {
            "epoch": 2,
            "precision": 0.826632360249443,
            "recall": 0.8260000000000001,
            "macro_f1": 0.8259157432197184
        },
        {
            "epoch": 3,
            "precision": 0.8245192307692308,
            "recall": 0.8240000000000001,
            "macro_f1": 0.8239295718287314
        },
        {
            "epoch": 4,
            "precision": 0.8245192307692308,
            "recall": 0.8240000000000001,
            "macro_f1": 0.8239295718287314
        }
    ],
    "test_metrics": {
        "precision": 0.7196915351506457,
        "recall": 0.7177777777777778,
        "macro_f1": 0.7171618190726471
    }
}