{
    "config": {
        "model_name": "roberta-base",
        "dataset": "figlang-reddit",
        "output_dir": "./out",
        "batch_size": 64,
        "epochs": 5,
        "pretrain_epochs": 10,
        "lr": 2e-05,
        "model_lr": 2e-06,
        "dropout": 0.3,
        "temperature": 0.07
    },
    "pretrain_losses": [
        4.139199403024489,
        4.119219280058338,
        4.062981213292768,
        3.948896131207866,
        3.7786771828128445,
        3.6410444051988664,
        3.5597262113325057,
        3.5079621730312223,
        3.5360746268303163,
        3.494684015550921
    ],
    "finetune_losses": [
        0.5452304809324203,
        0.07256946847924302,
        0.020470548120717847,
        0.014419079885908192,
        0.005991057012109987
    ],
    "validation_metrics": [
        {
            "epoch": 1,
            "precision": 0.6864252645502645,
            "recall": 0.6863636363636363,
            "macro_f1": 0.6863377138606497
        },
        {
            "epoch": 2,
            "precision": 0.69570905285191,
            "recall": 0.6931818181818181,
            "macro_f1": 0.6921881072677808
        },
        {
            "epoch": 3,
            "precision": 0.7034877678701337,
            "recall": 0.7022727272727274,
            "macro_f1": 0.7018276249152919
        },
        {
            "epoch": 4,
            "precision": 0.681878306878307,
            "recall": 0.6818181818181819,
            "macro_f1": 0.681791883626746
        },
        {
            "epoch": 5,
            "precision": 0.7041326966784128,
            "recall": 0.7022727272727273,
            "macro_f1": 0.7015929881600133
        }
    ],
    "test_metrics": {
        "precision": 0.5741626794258373,
        "recall": 0.5688888888888889,
        "macro_f1": 0.5610859728506787
    }
}