{
    "config": {
        "batch_size": 64,
        "classifier_lr": 3e-05,
        "dataset": "figlang-reddit",
        "dropout": 0.1,
        "epochs": 10,
        "model_lr": 5e-07,
        "model_name": "roberta-base",
        "output_dir": "./out",
        "pretrain_epochs": 20,
        "pretrain_lr": 5e-05,
        "temperature": 0.2
    },
    "pretrain_losses": [
        4.137452848495975,
        4.11514780598302,
        4.052256507258261,
        3.9453409333382883,
        3.761629393023829,
        3.62297381893281,
        3.5929857800083775,
        3.547228394016143,
        3.5137627509332474,
        3.4831297282249696,
        3.462548171320269,
        3.466943144798279,
        3.4531424660836496,
        3.4553519295107935,
        3.4509879927481375,
        3.4505797355405745,
        3.445933722680615,
        3.4445120942208076,
        3.4435936327903502,
        3.442117110375435
    ],
    "finetune_losses": [
        0.5182863863245133,
        0.20166843516692037,
        0.08889009316842403,
        0.05305190985241244,
        0.037381854749494986
    ],
    "validation_metrics": [
        {
            "epoch": 1,
            "precision": 0.7061504387085782,
            "recall": 0.7,
            "macro_f1": 0.6977455817148567
        },
        {
            "epoch": 2,
            "precision": 0.6982228298017772,
            "recall": 0.6977272727272728,
            "macro_f1": 0.6975382341235999
        },
        {
            "epoch": 3,
            "precision": 0.7053771471247199,
            "recall": 0.7045454545454546,
            "macro_f1": 0.704246034208186
        },
        {
            "epoch": 4,
            "precision": 0.7059239537399118,
            "recall": 0.7045454545454546,
            "macro_f1": 0.7040501666011301
        },
        {
            "epoch": 5,
            "precision": 0.7059239537399118,
            "recall": 0.7045454545454546,
            "macro_f1": 0.7040501666011301
        }
    ],
    "test_metrics": {
        "precision": 0.6155032475771871,
        "recall": 0.5983333333333334,
        "macro_f1": 0.582829928666931
    }
}