{
    "config": {
        "batch_size": 64,
        "classifier_lr": 1e-05,
        "dataset": "figlang-reddit",
        "dropout": 0.2,
        "epochs": 10,
        "model_lr": 5e-07,
        "model_name": "roberta-base",
        "output_dir": "./out",
        "pretrain_epochs": 20,
        "pretrain_lr": 1e-05,
        "temperature": 0.5
    },
    "pretrain_losses": [
        4.142596806249311,
        4.130783327164188,
        4.096253029761776,
        4.032960134167825,
        3.9247025520570817,
        3.7973957484768284,
        3.714593464328397,
        3.6334977726782522,
        3.59598232084705,
        3.557045332847103,
        3.5403434884163643,
        3.5262552538225727,
        3.5200545095628306,
        3.5130143473225255,
        3.5189252438083773,
        3.5019097597368303,
        3.5028188267061786,
        3.5005137843470417,
        3.502019912965836,
        3.4987750361042638
    ],
    "finetune_losses": [
        0.6566293412639249,
        0.40527160465717316,
        0.2494605421539276
    ],
    "validation_metrics": [
        {
            "epoch": 1,
            "precision": 0.6911618669314796,
            "recall": 0.6909090909090909,
            "macro_f1": 0.6908068783068784
        },
        {
            "epoch": 2,
            "precision": 0.6759849826148169,
            "recall": 0.6704545454545454,
            "macro_f1": 0.6678450012755168
        },
        {
            "epoch": 3,
            "precision": 0.6911041339612769,
            "recall": 0.6886363636363637,
            "macro_f1": 0.6876279310791553
        }
    ],
    "test_metrics": {
        "precision": 0.5853815910001897,
        "recall": 0.5838888888888889,
        "macro_f1": 0.5820622169922305
    }
}