{
    "config": {
        "batch_size": 64,
        "classifier_lr": 3e-05,
        "dataset": "figlang-reddit",
        "dropout": 0.1,
        "epochs": 10,
        "model_lr": 5e-07,
        "model_name": "roberta-base",
        "output_dir": "./out",
        "pretrain_epochs": 20,
        "pretrain_lr": 3e-05,
        "temperature": 0.2
    },
    "pretrain_losses": [
        4.137769245332287,
        4.114381109514544,
        4.0374342510777135,
        3.8726591717812324,
        3.693060771111519,
        3.5698190542959396,
        3.5307410493973763,
        3.501576569772536,
        3.4947048771765923,
        3.4680100525579145,
        3.4672114349180654,
        3.4521278527475174,
        3.4508476718779533,
        3.4562556782076435,
        3.44811354144927,
        3.450188729070848,
        3.444860896756572,
        3.448764843325461,
        3.4423199199861094,
        3.4429830735729587
    ],
    "finetune_losses": [
        0.36729375777706025,
        0.1932850998015173,
        0.10165718540308936,
        0.05627104453742504
    ],
    "validation_metrics": [
        {
            "epoch": 1,
            "precision": 0.7012237431400996,
            "recall": 0.6977272727272728,
            "macro_f1": 0.6964084686058757
        },
        {
            "epoch": 2,
            "precision": 0.7184707050645481,
            "recall": 0.7181818181818181,
            "macro_f1": 0.7180886243386243
        },
        {
            "epoch": 3,
            "precision": 0.7099410837274915,
            "recall": 0.7090909090909091,
            "macro_f1": 0.7087960952203678
        },
        {
            "epoch": 4,
            "precision": 0.7077841203943954,
            "recall": 0.7068181818181818,
            "macro_f1": 0.7064770523594053
        }
    ],
    "test_metrics": {
        "precision": 0.5559564449902638,
        "recall": 0.5538888888888889,
        "macro_f1": 0.5497295854203847
    }
}