{
    "config": {
        "batch_size": 64,
        "classifier_lr": 3e-05,
        "dataset": "figlang-reddit",
        "dropout": 0.2,
        "epochs": 10,
        "model_lr": 5e-07,
        "model_name": "roberta-base",
        "output_dir": "./out",
        "pretrain_epochs": 20,
        "pretrain_lr": 1e-05,
        "temperature": 0.07
    },
    "pretrain_losses": [
        4.140945419188468,
        4.132956604803762,
        4.1012141935286985,
        4.04468713652703,
        3.9353280336626115,
        3.807772324931237,
        3.6800319571648874,
        3.59058440116144,
        3.540213196508346,
        3.5327695531229817,
        3.5044271369134226,
        3.49090172783021,
        3.4872528045408187,
        3.474015893474702,
        3.4800426152444657,
        3.4660017221204695,
        3.466442850328261,
        3.4598016815800823,
        3.4652719343862226,
        3.4572134940854964
    ],
    "finetune_losses": [
        0.663597087706289,
        0.44772120252732306,
        0.22938122528214608,
        0.12370668183411321,
        0.06465139654615233,
        0.039767487935962215
    ],
    "validation_metrics": [
        {
            "epoch": 1,
            "precision": 0.700595066705058,
            "recall": 0.6727272727272727,
            "macro_f1": 0.6609516470814871
        },
        {
            "epoch": 2,
            "precision": 0.7028475855562226,
            "recall": 0.6954545454545454,
            "macro_f1": 0.692654142079693
        },
        {
            "epoch": 3,
            "precision": 0.6927350427350427,
            "recall": 0.6863636363636363,
            "macro_f1": 0.6837500000000001
        },
        {
            "epoch": 4,
            "precision": 0.6999122642100646,
            "recall": 0.6977272727272728,
            "macro_f1": 0.6968990682184274
        },
        {
            "epoch": 5,
            "precision": 0.6945263157894737,
            "recall": 0.6909090909090909,
            "macro_f1": 0.6894654903995849
        },
        {
            "epoch": 6,
            "precision": 0.6991578947368422,
            "recall": 0.6954545454545455,
            "macro_f1": 0.6940321743642969
        }
    ],
    "test_metrics": {
        "precision": 0.5507525156956854,
        "recall": 0.545,
        "macro_f1": 0.5317310798487132
    }
}