{
    "config": {
        "batch_size": 64,
        "classifier_lr": 1e-05,
        "dataset": "figlang-reddit",
        "dropout": 0.1,
        "epochs": 10,
        "model_lr": 5e-07,
        "model_name": "roberta-base",
        "output_dir": "./out",
        "pretrain_epochs": 20,
        "pretrain_lr": 5e-05,
        "temperature": 0.5
    },
    "pretrain_losses": [
        4.142057495732462,
        4.142583201008458,
        4.140748900751913,
        4.143092416947888,
        4.142212833127668,
        4.13782613508163,
        4.13841788999496,
        4.143097362210674,
        4.143098754267538,
        4.143097193010392,
        4.143097093028407,
        4.143096462372811,
        4.143098300503146,
        4.143097177628548,
        4.143096723864155,
        4.143097046882875,
        4.143097616011096,
        4.143097846738754,
        4.143096570045717,
        4.143097246846845
    ],
    "finetune_losses": [
        0.6933335200432809,
        0.6931385272933591,
        0.6929622215609397,
        0.6924295338892168,
        0.6905004468656355,
        0.687938021075341,
        0.6707913894807139,
        0.6364737028075803,
        0.6230444523595995
    ],
    "validation_metrics": [
        {
            "epoch": 1,
            "precision": 0.25,
            "recall": 0.5,
            "macro_f1": 0.3333333333333333
        },
        {
            "epoch": 2,
            "precision": 0.25,
            "recall": 0.5,
            "macro_f1": 0.3333333333333333
        },
        {
            "epoch": 3,
            "precision": 0.5,
            "recall": 0.5,
            "macro_f1": 0.3412456445993032
        },
        {
            "epoch": 4,
            "precision": 0.5853615520282187,
            "recall": 0.525,
            "macro_f1": 0.42299607843137255
        },
        {
            "epoch": 5,
            "precision": 0.6199444885011896,
            "recall": 0.5499999999999999,
            "macro_f1": 0.4732004643962848
        },
        {
            "epoch": 6,
            "precision": 0.6257142857142857,
            "recall": 0.6022727272727273,
            "macro_f1": 0.582825409725044
        },
        {
            "epoch": 7,
            "precision": 0.6166489925768823,
            "recall": 0.6090909090909091,
            "macro_f1": 0.6026545698924731
        },
        {
            "epoch": 8,
            "precision": 0.5970262096774194,
            "recall": 0.5954545454545455,
            "macro_f1": 0.5938096423533317
        },
        {
            "epoch": 9,
            "precision": 0.6243109850319426,
            "recall": 0.6113636363636363,
            "macro_f1": 0.6009737005393537
        }
    ],
    "test_metrics": {
        "precision": 0.5336190385634143,
        "recall": 0.5122222222222222,
        "macro_f1": 0.4199251525797988
    }
}