{
    "config": {
        "batch_size": 64,
        "classifier_lr": 1e-05,
        "dataset": "figlang-reddit",
        "dropout": 0.1,
        "epochs": 10,
        "model_lr": 5e-07,
        "model_name": "roberta-base",
        "output_dir": "./out",
        "pretrain_epochs": 20,
        "pretrain_lr": 1e-05,
        "temperature": 0.07
    },
    "pretrain_losses": [
        4.1412278375317975,
        4.133405485460835,
        4.111002510593783,
        4.062404421068007,
        3.9648732523764334,
        3.8401262837071575,
        3.7076422745181667,
        3.6366185988149335,
        3.5538666248321533,
        3.5255827057746147,
        3.5097747771970687,
        3.489482118237403,
        3.487682092574335,
        3.473036777588629,
        3.463582473416482,
        3.4556459919098885,
        3.4580704319861626,
        3.460135825218693,
        3.459264797549094,
        3.456448301192253
    ],
    "finetune_losses": [
        0.6512710759716649,
        0.45832652286175757,
        0.24696262445180647,
        0.12054695669681795,
        0.07620662084269908
    ],
    "validation_metrics": [
        {
            "epoch": 1,
            "precision": 0.6361386138613861,
            "recall": 0.5409090909090909,
            "macro_f1": 0.44360977564102566
        },
        {
            "epoch": 2,
            "precision": 0.7035933550018056,
            "recall": 0.6863636363636363,
            "macro_f1": 0.6795845997973657
        },
        {
            "epoch": 3,
            "precision": 0.6956785838250608,
            "recall": 0.6863636363636363,
            "macro_f1": 0.6825861492137839
        },
        {
            "epoch": 4,
            "precision": 0.67875,
            "recall": 0.6772727272727272,
            "macro_f1": 0.6766045548654245
        },
        {
            "epoch": 5,
            "precision": 0.673645729478232,
            "recall": 0.6727272727272727,
            "macro_f1": 0.6722939424031777
        }
    ],
    "test_metrics": {
        "precision": 0.5609130895461314,
        "recall": 0.5483333333333333,
        "macro_f1": 0.5237442799032388
    }
}