{
    "config": {
        "batch_size": 64,
        "classifier_lr": 1e-05,
        "dataset": "figlang-reddit",
        "dropout": 0.1,
        "epochs": 10,
        "model_lr": 5e-07,
        "model_name": "roberta-base",
        "output_dir": "./out",
        "pretrain_epochs": 20,
        "pretrain_lr": 3e-05,
        "temperature": 0.5
    },
    "pretrain_losses": [
        4.139815261287074,
        4.140446005329009,
        4.1238679962773475,
        4.090931315575877,
        4.047859034230632,
        3.919742780347024,
        3.7542035348953737,
        3.6623497470732658,
        3.6116785195565995,
        3.5702863893201275,
        3.5387641960574734,
        3.516156796486147,
        3.510258851512786,
        3.5069141118757186,
        3.5067766712557886,
        3.4981397928730136,
        3.4956155669304634,
        3.4946147434173094,
        3.4921897688219623,
        3.496748524327432
    ],
    "finetune_losses": [
        0.43420481489550683,
        0.27856696445134377,
        0.1993784137791203,
        0.1482156876835131,
        0.11149142478262225,
        0.08595081478837997
    ],
    "validation_metrics": [
        {
            "epoch": 1,
            "precision": 0.708048001043501,
            "recall": 0.6977272727272728,
            "macro_f1": 0.6939314536163892
        },
        {
            "epoch": 2,
            "precision": 0.7001488710611199,
            "recall": 0.7,
            "macro_f1": 0.6999442045008369
        },
        {
            "epoch": 3,
            "precision": 0.7053771471247199,
            "recall": 0.7045454545454546,
            "macro_f1": 0.704246034208186
        },
        {
            "epoch": 4,
            "precision": 0.7049689440993789,
            "recall": 0.7045454545454546,
            "macro_f1": 0.7043927648578812
        },
        {
            "epoch": 5,
            "precision": 0.7005968169761274,
            "recall": 0.7,
            "macro_f1": 0.6997766934083203
        },
        {
            "epoch": 6,
            "precision": 0.7013478658790249,
            "recall": 0.7,
            "macro_f1": 0.6994970922411474
        }
    ],
    "test_metrics": {
        "precision": 0.5741948484959514,
        "recall": 0.5700000000000001,
        "macro_f1": 0.5638349961367527
    }
}