{
    "config": {
        "batch_size": 64,
        "classifier_lr": 1e-05,
        "dataset": "figlang-reddit",
        "dropout": 0.5,
        "epochs": 10,
        "model_lr": 5e-07,
        "model_name": "roberta-base",
        "output_dir": "./out",
        "pretrain_epochs": 20,
        "pretrain_lr": 5e-05,
        "temperature": 0.07
    },
    "pretrain_losses": [
        4.13610149968055,
        4.1145239299343475,
        4.045457805356672,
        3.894548681474501,
        3.702507084415805,
        3.580668322501644,
        3.530750028548702,
        3.483473112506251,
        3.466269769976216,
        3.469195750451857,
        3.4598510034622683,
        3.465415862298781,
        3.453112852188849,
        3.4439933838382846,
        3.441126673452316,
        3.4465652358147407,
        3.442725743016889,
        3.442591224947283,
        3.4421577915068595,
        3.4439088875247585
    ],
    "finetune_losses": [
        0.6968788360395739,
        0.5788797620804079,
        0.46699355831069334,
        0.3846784445547288,
        0.3131988762367156,
        0.25457961472772783,
        0.21176692915539588
    ],
    "validation_metrics": [
        {
            "epoch": 1,
            "precision": 0.25,
            "recall": 0.5,
            "macro_f1": 0.3333333333333333
        },
        {
            "epoch": 2,
            "precision": 0.7190563725490196,
            "recall": 0.5590909090909091,
            "macro_f1": 0.4606207663532504
        },
        {
            "epoch": 3,
            "precision": 0.7104386576939524,
            "recall": 0.6931818181818181,
            "macro_f1": 0.6867600761478871
        },
        {
            "epoch": 4,
            "precision": 0.7215156332803392,
            "recall": 0.7159090909090908,
            "macro_f1": 0.714100064977258
        },
        {
            "epoch": 5,
            "precision": 0.721778803184303,
            "recall": 0.7204545454545455,
            "macro_f1": 0.7200366249204649
        },
        {
            "epoch": 6,
            "precision": 0.7169174883238194,
            "recall": 0.7159090909090908,
            "macro_f1": 0.7155785391079509
        },
        {
            "epoch": 7,
            "precision": 0.7117179577391917,
            "recall": 0.7113636363636364,
            "macro_f1": 0.7112428237020654
        }
    ],
    "test_metrics": {
        "precision": 0.58139962933814,
        "recall": 0.5633333333333334,
        "macro_f1": 0.5376809017901958
    }
}