{
    "config": {
        "batch_size": 64,
        "classifier_lr": 1e-05,
        "dataset": "figlang-reddit",
        "dropout": 0.5,
        "epochs": 10,
        "model_lr": 1e-06,
        "model_name": "roberta-base",
        "output_dir": "./out",
        "pretrain_epochs": 20,
        "pretrain_lr": 3e-05,
        "temperature": 0.2
    },
    "pretrain_losses": [
        4.139210193387924,
        4.128853109575087,
        4.110114370622942,
        4.05717097943829,
        3.9122756335043136,
        3.747055361347814,
        3.616353915583703,
        3.533434333339814,
        3.5335507239064863,
        3.487356701204854,
        3.4663404610849198,
        3.472390401747919,
        3.4635595198600524,
        3.4532948155556955,
        3.449062285884734,
        3.451293026247332,
        3.443778737898796,
        3.4418904781341553,
        3.4452303148085073,
        3.444108832267023
    ],
    "finetune_losses": [
        0.4695054167701352,
        0.24839321812314372,
        0.1111319224920965,
        0.03503315415113203
    ],
    "validation_metrics": [
        {
            "epoch": 1,
            "precision": 0.6988636363636364,
            "recall": 0.6909090909090909,
            "macro_f1": 0.6877869605142333
        },
        {
            "epoch": 2,
            "precision": 0.6982231162517811,
            "recall": 0.6954545454545454,
            "macro_f1": 0.6943874271733947
        },
        {
            "epoch": 3,
            "precision": 0.6845522898154477,
            "recall": 0.6840909090909091,
            "macro_f1": 0.6838933424299278
        },
        {
            "epoch": 4,
            "precision": 0.67875,
            "recall": 0.6772727272727272,
            "macro_f1": 0.6766045548654245
        }
    ],
    "test_metrics": {
        "precision": 0.5640413117287089,
        "recall": 0.5505555555555556,
        "macro_f1": 0.525579822449177
    }
}