{
    "config": {
        "batch_size": 64,
        "classifier_lr": 1e-05,
        "dataset": "figlang-reddit",
        "dropout": 0.5,
        "epochs": 10,
        "model_lr": 5e-07,
        "model_name": "roberta-base",
        "output_dir": "./out",
        "pretrain_epochs": 20,
        "pretrain_lr": 3e-05,
        "temperature": 0.5
    },
    "pretrain_losses": [
        4.14078365602801,
        4.122035164986888,
        4.082330584526062,
        3.989383343727358,
        3.810046003710839,
        3.699430834862494,
        3.6283638169688563,
        3.5757383492685135,
        3.5331417783614127,
        3.5095842807523665,
        3.498786107186348,
        3.4969186629018476,
        3.4911458338460615,
        3.4895845766990417,
        3.484687509075288,
        3.4755471598717476,
        3.4768437262504333,
        3.4758903134253716,
        3.472524616026109,
        3.4744558218986756
    ],
    "finetune_losses": [
        0.35990759538066003,
        0.22465833228441975,
        0.14801425402683596,
        0.09612705210043539,
        0.06826480003374238
    ],
    "validation_metrics": [
        {
            "epoch": 1,
            "precision": 0.6821501358695652,
            "recall": 0.6772727272727272,
            "macro_f1": 0.675097761877028
        },
        {
            "epoch": 2,
            "precision": 0.6848118279569892,
            "recall": 0.6818181818181819,
            "macro_f1": 0.6805244378059911
        },
        {
            "epoch": 3,
            "precision": 0.6890034364261168,
            "recall": 0.6863636363636364,
            "macro_f1": 0.6852646638054363
        },
        {
            "epoch": 4,
            "precision": 0.6869060854607623,
            "recall": 0.6840909090909091,
            "macro_f1": 0.6828968585220173
        },
        {
            "epoch": 5,
            "precision": 0.6851967325559644,
            "recall": 0.6840909090909091,
            "macro_f1": 0.6836186249101189
        }
    ],
    "test_metrics": {
        "precision": 0.5883400160384924,
        "recall": 0.585,
        "macro_f1": 0.5810399221032132
    }
}