{
    "config": {
        "batch_size": 64,
        "classifier_lr": 1e-05,
        "dataset": "figlang-reddit",
        "dropout": 0.1,
        "epochs": 10,
        "model_lr": 5e-07,
        "model_name": "roberta-base",
        "output_dir": "./out",
        "pretrain_epochs": 20,
        "pretrain_lr": 1e-05,
        "temperature": 0.5
    },
    "pretrain_losses": [
        4.143010970084898,
        4.133042497019614,
        4.097946109310273,
        4.041430657909762,
        3.9573585602544967,
        3.844671530108298,
        3.751204740616583,
        3.6817412684040685,
        3.6645848827977336,
        3.594790804770685,
        3.576185599450142,
        3.549628661524865,
        3.550581109139227,
        3.5483311645446287,
        3.526240187306558,
        3.5208545038777013,
        3.511469598739378,
        3.5155391462387575,
        3.516432046890259,
        3.5186438099030526
    ],
    "finetune_losses": [
        0.5898483160041994,
        0.40323855751945126,
        0.23708624729225714,
        0.10822586432820366
    ],
    "validation_metrics": [
        {
            "epoch": 1,
            "precision": 0.6931928294573644,
            "recall": 0.6318181818181818,
            "macro_f1": 0.6000538647993536
        },
        {
            "epoch": 2,
            "precision": 0.7008549762625937,
            "recall": 0.6931818181818181,
            "macro_f1": 0.6902232582880924
        },
        {
            "epoch": 3,
            "precision": 0.6940524193548387,
            "recall": 0.6909090909090909,
            "macro_f1": 0.6896523110115343
        },
        {
            "epoch": 4,
            "precision": 0.6900539145277795,
            "recall": 0.6886363636363637,
            "macro_f1": 0.6880546887533054
        }
    ],
    "test_metrics": {
        "precision": 0.5781797942230602,
        "recall": 0.56,
        "macro_f1": 0.532841969771048
    }
}