{
    "config": {
        "model_name": "roberta-base",
        "dataset": "figlang-reddit",
        "output_dir": "./out",
        "batch_size": 64,
        "epochs": 10,
        "pretrain_epochs": 10,
        "lr": 5e-05,
        "model_lr": 1e-06,
        "dropout": 0.3,
        "temperature": 0.07
    },
    "pretrain_losses": [
        4.13830687153724,
        4.126443974433407,
        4.102788621379483,
        4.0431370119894705,
        3.925767337122271,
        3.755297899246216,
        3.57873026786312,
        3.5461343219203334,
        3.530461876623092,
        3.497881700915675
    ],
    "finetune_losses": [
        0.4373811036348343,
        0.20250615093015856,
        0.05825321313234106
    ],
    "validation_metrics": [
        {
            "epoch": 1,
            "precision": 0.7276072441818298,
            "recall": 0.7204545454545455,
            "macro_f1": 0.7182409321164729
        },
        {
            "epoch": 2,
            "precision": 0.7068224550094011,
            "recall": 0.7068181818181818,
            "macro_f1": 0.706816667441464
        },
        {
            "epoch": 3,
            "precision": 0.7105000416007987,
            "recall": 0.7090909090909091,
            "macro_f1": 0.7086032409611126
        }
    ],
    "test_metrics": {
        "precision": 0.5891813764684175,
        "recall": 0.5644444444444444,
        "macro_f1": 0.531990592055779
    }
}