{
    "config": {
        "model_name": "roberta-base",
        "dataset": "figlang-twitter",
        "output_dir": "./out",
        "batch_size": 64,
        "pretrain_epochs": 20,
        "epochs": 10,
        "pretrain_lr": 5e-05,
        "classifier_lr": 3e-05,
        "model_lr": 5e-07,
        "dropout": 0.5,
        "temperature": 0.07
    },
    "pretrain_losses": [
        4.070709168071478,
        3.9794782618401756,
        3.8365214038902606,
        3.6354534525266837,
        3.5440716172607853,
        3.5292284858058878,
        3.5050539634597135,
        3.4753753769565634,
        3.4660514240533535,
        3.4934562327156606,
        3.4617903870596014,
        3.450346359064881,
        3.4786481219278254,
        3.4485585622384516,
        3.4649697189599697,
        3.4614683540774065,
        3.464477340940019,
        3.465014934539795,
        3.456713545490319,
        3.438737197661064
    ],
    "finetune_losses": [
        0.5777912307792986,
        0.3472046415570756,
        0.19262616693134038,
        0.11653487426294408,
        0.07596541825734393
    ],
    "validation_metrics": [
        {
            "epoch": 1,
            "precision": 0.8324468085106382,
            "recall": 0.812,
            "macro_f1": 0.8090641706885064
        },
        {
            "epoch": 2,
            "precision": 0.8382651999167348,
            "recall": 0.838,
            "macro_f1": 0.837968241775388
        },
        {
            "epoch": 3,
            "precision": 0.8466711553567707,
            "recall": 0.846,
            "macro_f1": 0.845925427907107
        },
        {
            "epoch": 4,
            "precision": 0.8472501003613007,
            "recall": 0.846,
            "macro_f1": 0.8458612751476329
        },
        {
            "epoch": 5,
            "precision": 0.8472501003613007,
            "recall": 0.846,
            "macro_f1": 0.8458612751476329
        }
    ],
    "test_metrics": {
        "precision": 0.7056571146245059,
        "recall": 0.7055555555555555,
        "macro_f1": 0.7055191999012225
    }
}