{
    "config": {
        "batch_size": 64,
        "classifier_lr": 1e-05,
        "dataset": "figlang-reddit",
        "dropout": 0.5,
        "epochs": 10,
        "model_lr": 1e-06,
        "model_name": "roberta-base",
        "output_dir": "./out",
        "pretrain_epochs": 20,
        "pretrain_lr": 3e-05,
        "temperature": 0.07
    },
    "pretrain_losses": [
        4.138271439460016,
        4.114914078866282,
        4.062623935361063,
        3.9329773379910375,
        3.7030376849635953,
        3.5692563633764944,
        3.515116407025245,
        3.509887795294485,
        3.472902774810791,
        3.4629078257468437,
        3.469021770261949,
        3.4618597222912695,
        3.458931388393525,
        3.4518212541457145,
        3.451863734952865,
        3.4442667345846854,
        3.4430730919684134,
        3.4414479847877257,
        3.44263385188195,
        3.4414554026819046
    ],
    "finetune_losses": [
        0.6542394872634641,
        0.3499015524022041,
        0.1226164246759107,
        0.06091025549798242,
        0.034424641139564977,
        0.02181965127707489,
        0.016180508244302002,
        0.015287909161059125,
        0.013224361471891884,
        0.009567881243363503
    ],
    "validation_metrics": [
        {
            "epoch": 1,
            "precision": 0.7091081907595669,
            "recall": 0.7090909090909091,
            "macro_f1": 0.7090848984483151
        },
        {
            "epoch": 2,
            "precision": 0.7228009259259259,
            "recall": 0.7227272727272727,
            "macro_f1": 0.7227043557318786
        },
        {
            "epoch": 3,
            "precision": 0.7284812229976736,
            "recall": 0.7272727272727273,
            "macro_f1": 0.7269116186693148
        },
        {
            "epoch": 4,
            "precision": 0.7253771808191395,
            "recall": 0.7250000000000001,
            "macro_f1": 0.7248848950232277
        },
        {
            "epoch": 5,
            "precision": 0.7322981366459628,
            "recall": 0.7318181818181818,
            "macro_f1": 0.7316795865633074
        },
        {
            "epoch": 6,
            "precision": 0.7344833295391047,
            "recall": 0.7340909090909091,
            "macro_f1": 0.7339796092373359
        },
        {
            "epoch": 7,
            "precision": 0.7242283051834595,
            "recall": 0.7227272727272727,
            "macro_f1": 0.7222624640410604
        },
        {
            "epoch": 8,
            "precision": 0.7340957457798715,
            "recall": 0.7340909090909091,
            "macro_f1": 0.7340895355864442
        },
        {
            "epoch": 9,
            "precision": 0.729930255179122,
            "recall": 0.7295454545454545,
            "macro_f1": 0.7294322521302818
        },
        {
            "epoch": 10,
            "precision": 0.7260508562532434,
            "recall": 0.725,
            "macro_f1": 0.7246800258564965
        }
    ],
    "test_metrics": {
        "precision": 0.5937766410912191,
        "recall": 0.5916666666666667,
        "macro_f1": 0.5893567986591242
    }
}