{
    "config": {
        "batch_size": 64,
        "classifier_lr": 1e-05,
        "dataset": "figlang-reddit",
        "dropout": 0.1,
        "epochs": 10,
        "model_lr": 5e-07,
        "model_name": "roberta-base",
        "output_dir": "./out",
        "pretrain_epochs": 20,
        "pretrain_lr": 5e-05,
        "temperature": 0.2
    },
    "pretrain_losses": [
        4.13958853290927,
        4.141052007675171,
        4.141050800200431,
        4.141051192437449,
        4.141051969220562,
        4.141049754235052,
        4.140782240898378,
        4.1410517769475135,
        4.141052584494314,
        4.141051507765247,
        4.141051892311342,
        4.141051653892763,
        4.141051700038295,
        4.141049892671647,
        4.141051477001559,
        4.141052276857438,
        4.1410515769835445,
        4.141052199948218,
        4.141050930946104,
        4.141053353586504
    ],
    "finetune_losses": [
        0.7095258178249482,
        0.6950262515775619,
        0.6945971894648767
    ],
    "validation_metrics": [
        {
            "epoch": 1,
            "precision": 0.25,
            "recall": 0.5,
            "macro_f1": 0.3333333333333333
        },
        {
            "epoch": 2,
            "precision": 0.25,
            "recall": 0.5,
            "macro_f1": 0.3333333333333333
        },
        {
            "epoch": 3,
            "precision": 0.25,
            "recall": 0.5,
            "macro_f1": 0.3333333333333333
        }
    ],
    "test_metrics": {
        "precision": 0.25,
        "recall": 0.5,
        "macro_f1": 0.3333333333333333
    }
}