{
    "config": {
        "batch_size": 64,
        "classifier_lr": 1e-05,
        "dataset": "figlang-reddit",
        "dropout": 0.2,
        "epochs": 10,
        "model_lr": 1e-06,
        "model_name": "roberta-base",
        "output_dir": "./out",
        "pretrain_epochs": 20,
        "pretrain_lr": 1e-05,
        "temperature": 0.2
    },
    "pretrain_losses": [
        4.140740771447459,
        4.130838486456102,
        4.100438483299747,
        4.038688898086548,
        3.956206540907583,
        3.8153298670245754,
        3.683287255225643,
        3.5935717974939654,
        3.543118184612643,
        3.5345869333513322,
        3.518828445865262,
        3.481934405142261,
        3.4888613916212514,
        3.475059497740961,
        3.4727441226282427,
        3.460991209553134,
        3.4622204073013796,
        3.457812017010104,
        3.4565072328813615,
        3.451685274800947
    ],
    "finetune_losses": [
        0.58851252400106,
        0.2677311899681245,
        0.08125921807462169,
        0.04484591044245228,
        0.033098246571758104,
        0.02605112385185015,
        0.024036879816483104,
        0.020837067386075374
    ],
    "validation_metrics": [
        {
            "epoch": 1,
            "precision": 0.7071832175099044,
            "recall": 0.6977272727272728,
            "macro_f1": 0.6942384960630332
        },
        {
            "epoch": 2,
            "precision": 0.7029814849370737,
            "recall": 0.7022727272727273,
            "macro_f1": 0.7020126039776458
        },
        {
            "epoch": 3,
            "precision": 0.7091600529100529,
            "recall": 0.709090909090909,
            "macro_f1": 0.7090668650301677
        },
        {
            "epoch": 4,
            "precision": 0.7023103469653448,
            "recall": 0.7022727272727273,
            "macro_f1": 0.7022588860019319
        },
        {
            "epoch": 5,
            "precision": 0.7091081907595669,
            "recall": 0.7090909090909091,
            "macro_f1": 0.7090848984483151
        },
        {
            "epoch": 6,
            "precision": 0.7166656299890113,
            "recall": 0.7159090909090909,
            "macro_f1": 0.715660881658059
        },
        {
            "epoch": 7,
            "precision": 0.7069250645994831,
            "recall": 0.7068181818181818,
            "macro_f1": 0.7067803177063154
        },
        {
            "epoch": 8,
            "precision": 0.7150761294616856,
            "recall": 0.7136363636363636,
            "macro_f1": 0.7131563153210952
        }
    ],
    "test_metrics": {
        "precision": 0.5711011015027788,
        "recall": 0.5700000000000001,
        "macro_f1": 0.5683287394158123
    }
}