{
    "config": {
        "batch_size": 64,
        "classifier_lr": 1e-05,
        "dataset": "figlang-reddit",
        "dropout": 0.2,
        "epochs": 10,
        "model_lr": 5e-07,
        "model_name": "roberta-base",
        "output_dir": "./out",
        "pretrain_epochs": 20,
        "pretrain_lr": 5e-05,
        "temperature": 0.07
    },
    "pretrain_losses": [
        4.136332065828385,
        4.1082301101376935,
        4.055255909119883,
        4.0452474932516775,
        3.869995547879127,
        3.6680539961784118,
        3.5697825416441886,
        3.509824122152021,
        3.4940128211052186,
        3.485039737916762,
        3.4584859417330835,
        3.4494673898143153,
        3.4501112891781713,
        3.4455898884804017,
        3.464983428678205,
        3.45008796645749,
        3.4421921199367893,
        3.44110321229504,
        3.4417118141728062,
        3.4416936943607945
    ],
    "finetune_losses": [
        0.7083973432740858,
        0.5643987886367305,
        0.43498680620424207,
        0.34158999064276296,
        0.27003838434334726,
        0.21311765548682982
    ],
    "validation_metrics": [
        {
            "epoch": 1,
            "precision": 0.7141744548286604,
            "recall": 0.5227272727272727,
            "macro_f1": 0.38537675606641125
        },
        {
            "epoch": 2,
            "precision": 0.694545732439573,
            "recall": 0.6840909090909091,
            "macro_f1": 0.6797888994183215
        },
        {
            "epoch": 3,
            "precision": 0.6955803911607823,
            "recall": 0.6909090909090909,
            "macro_f1": 0.6890523996591216
        },
        {
            "epoch": 4,
            "precision": 0.6936659831396674,
            "recall": 0.6931818181818181,
            "macro_f1": 0.692989936892376
        },
        {
            "epoch": 5,
            "precision": 0.6909722222222222,
            "recall": 0.6909090909090909,
            "macro_f1": 0.6908835440945533
        },
        {
            "epoch": 6,
            "precision": 0.6821946169772257,
            "recall": 0.6818181818181819,
            "macro_f1": 0.6816537467700259
        }
    ],
    "test_metrics": {
        "precision": 0.5774633340218963,
        "recall": 0.5666666666666667,
        "macro_f1": 0.5510222877141279
    }
}