{
    "config": {
        "batch_size": 64,
        "classifier_lr": 1e-05,
        "dataset": "figlang-reddit",
        "dropout": 0.1,
        "epochs": 10,
        "model_lr": 5e-07,
        "model_name": "roberta-base",
        "output_dir": "./out",
        "pretrain_epochs": 20,
        "pretrain_lr": 3e-05,
        "temperature": 0.2
    },
    "pretrain_losses": [
        4.13890254112982,
        4.111180082444222,
        4.049131689533111,
        3.888254596341041,
        3.7392841000710764,
        3.572903544672074,
        3.5049773493120746,
        3.4998012435051704,
        3.471051896772077,
        3.487063184861214,
        3.4572792899224067,
        3.4684944575832737,
        3.4474689383660593,
        3.4440346725525393,
        3.4471228430348058,
        3.4440905278728855,
        3.4429977209337297,
        3.4435850535669634,
        3.4437098503112793,
        3.444882462101598
    ],
    "finetune_losses": [
        0.4927235303386565,
        0.2718769956019617,
        0.15795720068197097
    ],
    "validation_metrics": [
        {
            "epoch": 1,
            "precision": 0.7093677590201919,
            "recall": 0.7090909090909091,
            "macro_f1": 0.7089947089947091
        },
        {
            "epoch": 2,
            "precision": 0.7000661375661376,
            "recall": 0.7,
            "macro_f1": 0.6999752045623606
        },
        {
            "epoch": 3,
            "precision": 0.7045454545454546,
            "recall": 0.7045454545454546,
            "macro_f1": 0.7045454545454546
        }
    ],
    "test_metrics": {
        "precision": 0.6062868409702398,
        "recall": 0.6022222222222222,
        "macro_f1": 0.5983825611774796
    }
}