{
    "config": {
        "model_name": "roberta-base",
        "dataset": "figlang-twitter",
        "output_dir": "./out",
        "batch_size": 64,
        "pretrain_epochs": 20,
        "epochs": 10,
        "pretrain_lr": 3e-05,
        "classifier_lr": 2e-05,
        "model_lr": 1e-06,
        "dropout": 0.1,
        "temperature": 0.2
    },
    "pretrain_losses": [
        4.070501065590013,
        3.97280533213011,
        3.8439069600172444,
        3.676109018460126,
        3.5794183234093895,
        3.510785415138997,
        3.481114323710052,
        3.4813196860568625,
        3.442877171744763,
        3.438643989428668,
        3.4580198576752568,
        3.4439487960976614,
        3.444582509322905,
        3.4357378885779584,
        3.436213050090091,
        3.4319467678875992,
        3.431835376041036,
        3.4291598796844482,
        3.429952369609349,
        3.43158224938621
    ],
    "finetune_losses": [
        0.2535572274469993,
        0.06387404562302039,
        0.03195577476855735,
        0.022095846746798972,
        0.016331405956035768
    ],
    "validation_metrics": [
        {
            "epoch": 1,
            "precision": 0.8578551209469891,
            "recall": 0.856,
            "macro_f1": 0.8558131338214325
        },
        {
            "epoch": 2,
            "precision": 0.8480891108123679,
            "recall": 0.848,
            "macro_f1": 0.8479902713773682
        },
        {
            "epoch": 3,
            "precision": 0.8608313554429405,
            "recall": 0.86,
            "macro_f1": 0.8599193135245902
        },
        {
            "epoch": 4,
            "precision": 0.8565705128205128,
            "recall": 0.856,
            "macro_f1": 0.8559423769507803
        },
        {
            "epoch": 5,
            "precision": 0.8565705128205128,
            "recall": 0.856,
            "macro_f1": 0.8559423769507803
        }
    ],
    "test_metrics": {
        "precision": 0.7309639591833184,
        "recall": 0.7294444444444445,
        "macro_f1": 0.7289987142432723
    }
}