{
    "config": {
        "batch_size": 64,
        "classifier_lr": 1e-05,
        "dataset": "figlang-reddit",
        "dropout": 0.5,
        "epochs": 10,
        "model_lr": 5e-07,
        "model_name": "roberta-base",
        "output_dir": "./out",
        "pretrain_epochs": 20,
        "pretrain_lr": 5e-05,
        "temperature": 0.5
    },
    "pretrain_losses": [
        4.142514244202645,
        4.131848642902989,
        4.091952062422229,
        3.992732294144169,
        3.7982642842877294,
        3.6666066800394366,
        3.6106226444244385,
        3.5315871507890764,
        3.5254175816812823,
        3.5140504567853865,
        3.4886747252556587,
        3.4806052484819965,
        3.479838717368341,
        3.4769405165026264,
        3.4708117631173905,
        3.4706419629435383,
        3.4692274255137288,
        3.4685109276925363,
        3.470565911262266,
        3.4678357147401377
    ],
    "finetune_losses": [
        0.6759154738918427,
        0.4807829164689587,
        0.3502949163798363,
        0.24398283083592692,
        0.17340979689071256,
        0.1222426030905016,
        0.09764794260263443,
        0.07816213717864405,
        0.06763243278668772
    ],
    "validation_metrics": [
        {
            "epoch": 1,
            "precision": 0.41609458428680396,
            "recall": 0.49772727272727274,
            "macro_f1": 0.33629556825084805
        },
        {
            "epoch": 2,
            "precision": 0.7068376068376068,
            "recall": 0.7,
            "macro_f1": 0.6975
        },
        {
            "epoch": 3,
            "precision": 0.6871214007136337,
            "recall": 0.6863636363636363,
            "macro_f1": 0.686045790159459
        },
        {
            "epoch": 4,
            "precision": 0.6978294573643411,
            "recall": 0.6977272727272728,
            "macro_f1": 0.6976882345344182
        },
        {
            "epoch": 5,
            "precision": 0.7023772609819121,
            "recall": 0.7022727272727273,
            "macro_f1": 0.7022342761203668
        },
        {
            "epoch": 6,
            "precision": 0.7001488710611199,
            "recall": 0.7,
            "macro_f1": 0.6999442045008369
        },
        {
            "epoch": 7,
            "precision": 0.7073365231259968,
            "recall": 0.7068181818181818,
            "macro_f1": 0.7066348285860481
        },
        {
            "epoch": 8,
            "precision": 0.7002648129758358,
            "recall": 0.7,
            "macro_f1": 0.6999007936507937
        },
        {
            "epoch": 9,
            "precision": 0.7002648129758358,
            "recall": 0.7,
            "macro_f1": 0.6999007936507937
        }
    ],
    "test_metrics": {
        "precision": 0.5746218487394958,
        "recall": 0.5616666666666666,
        "macro_f1": 0.5417785843920145
    }
}