{
    "config": {
        "batch_size": 64,
        "classifier_lr": 1e-05,
        "dataset": "figlang-reddit",
        "dropout": 0.2,
        "epochs": 10,
        "model_lr": 1e-06,
        "model_name": "roberta-base",
        "output_dir": "./out",
        "pretrain_epochs": 20,
        "pretrain_lr": 5e-05,
        "temperature": 0.2
    },
    "pretrain_losses": [
        4.137374908693375,
        4.126135576155878,
        4.081560938589035,
        3.96340726652453,
        3.8047720270772136,
        3.6873708694211897,
        3.5848912192929174,
        3.5142583347135976,
        3.4872430639882244,
        3.4613427000661052,
        3.4714557278540825,
        3.4700413980791645,
        3.446740846480093,
        3.4479555891406153,
        3.4445785553224626,
        3.443599558645679,
        3.4433013239214496,
        3.4420784865656207,
        3.4396037747783046,
        3.442324149993158
    ],
    "finetune_losses": [
        0.48776774685229024,
        0.1486775704449223,
        0.0705223285983647,
        0.042367945184871074
    ],
    "validation_metrics": [
        {
            "epoch": 1,
            "precision": 0.6820589208871235,
            "recall": 0.6818181818181819,
            "macro_f1": 0.681712962962963
        },
        {
            "epoch": 2,
            "precision": 0.688733850129199,
            "recall": 0.6886363636363636,
            "macro_f1": 0.688596151362521
        },
        {
            "epoch": 3,
            "precision": 0.6840947127006756,
            "recall": 0.6840909090909091,
            "macro_f1": 0.6840892773206473
        },
        {
            "epoch": 4,
            "precision": 0.6863790395900488,
            "recall": 0.6863636363636363,
            "macro_f1": 0.6863571561395896
        }
    ],
    "test_metrics": {
        "precision": 0.56375,
        "recall": 0.5566666666666666,
        "macro_f1": 0.544
    }
}