{
    "config": {
        "model_name": "roberta-base",
        "dataset": "figlang-reddit",
        "output_dir": "./out",
        "batch_size": 64,
        "epochs": 10,
        "pretrain_epochs": 10,
        "lr": 5e-05,
        "model_lr": 5e-07,
        "dropout": 0.3,
        "temperature": 0.07
    },
    "pretrain_losses": [
        4.139127316013459,
        4.128163391543973,
        4.099859722198978,
        4.009770212634917,
        3.8383389057651645,
        3.6673943073518815,
        3.568641781806946,
        3.5489928491653933,
        3.528561322919784,
        3.4999747353215374
    ],
    "finetune_losses": [
        0.33549645086449964,
        0.16001409616681836,
        0.0737820363813831,
        0.03166772160799273,
        0.018902920201540954
    ],
    "validation_metrics": [
        {
            "epoch": 1,
            "precision": 0.6841251472381228,
            "recall": 0.6840909090909091,
            "macro_f1": 0.6840762225516682
        },
        {
            "epoch": 2,
            "precision": 0.6900539145277795,
            "recall": 0.6886363636363637,
            "macro_f1": 0.6880546887533054
        },
        {
            "epoch": 3,
            "precision": 0.688733850129199,
            "recall": 0.6886363636363636,
            "macro_f1": 0.688596151362521
        },
        {
            "epoch": 4,
            "precision": 0.6821946169772257,
            "recall": 0.6818181818181819,
            "macro_f1": 0.6816537467700259
        },
        {
            "epoch": 5,
            "precision": 0.6866103939093016,
            "recall": 0.6863636363636364,
            "macro_f1": 0.6862599206349207
        }
    ],
    "test_metrics": {
        "precision": 0.5786194044337462,
        "recall": 0.57,
        "macro_f1": 0.5578821501423586
    }
}