{
    "config": {
        "batch_size": 64,
        "classifier_lr": 1e-05,
        "dataset": "figlang-reddit",
        "dropout": 0.2,
        "epochs": 10,
        "model_lr": 1e-06,
        "model_name": "roberta-base",
        "output_dir": "./out",
        "pretrain_epochs": 20,
        "pretrain_lr": 5e-05,
        "temperature": 0.07
    },
    "pretrain_losses": [
        4.140821841455275,
        4.139793788233111,
        4.141552579018377,
        4.140950149105441,
        4.140934398097377,
        4.140942819656864,
        4.140950541342458,
        4.140948880103327,
        4.14095240254556,
        4.1409494799952355,
        4.14094828790234,
        4.140943834858556,
        4.1409466804996615,
        4.140925230518464,
        4.140740086955409,
        4.140303134918213,
        4.139536742241152,
        4.138195230114844,
        4.134912560063023,
        4.133223275984487
    ],
    "finetune_losses": [
        0.6973633122059607,
        0.6569068537604424,
        0.6253630701572664
    ],
    "validation_metrics": [
        {
            "epoch": 1,
            "precision": 0.6388687679794698,
            "recall": 0.6386363636363637,
            "macro_f1": 0.6384851099891999
        },
        {
            "epoch": 2,
            "precision": 0.620127688172043,
            "recall": 0.6181818181818182,
            "macro_f1": 0.6166293253671895
        },
        {
            "epoch": 3,
            "precision": 0.6307744565217391,
            "recall": 0.6272727272727272,
            "macro_f1": 0.6247607954072718
        }
    ],
    "test_metrics": {
        "precision": 0.5130079465476635,
        "recall": 0.5116666666666667,
        "macro_f1": 0.4987452791543996
    }
}