{
    "config": {
        "batch_size": 64,
        "classifier_lr": 1e-05,
        "dataset": "figlang-reddit",
        "dropout": 0.2,
        "epochs": 10,
        "model_lr": 5e-07,
        "model_name": "roberta-base",
        "output_dir": "./out",
        "pretrain_epochs": 20,
        "pretrain_lr": 3e-05,
        "temperature": 0.07
    },
    "pretrain_losses": [
        4.1404073392191245,
        4.141027250597554,
        4.140853674181046,
        4.139378747632427,
        4.128697483770309,
        4.0936447112791,
        4.012871476911729,
        3.840098969398006,
        3.621276109449325,
        3.559311347623025,
        3.4867402045957503,
        3.476654279616571,
        3.462703743288594,
        3.467090541316617,
        3.4519412786729875,
        3.450573609721276,
        3.4470677798794163,
        3.4446098150745517,
        3.4462271467331917,
        3.4462041239584646
    ],
    "finetune_losses": [
        0.6791193898647062,
        0.5559675741580224,
        0.4204692177234157,
        0.2720394749795237,
        0.14538740282577853,
        0.08332669362425804,
        0.06399690534078306,
        0.05248782843832047,
        0.044548999938753345
    ],
    "validation_metrics": [
        {
            "epoch": 1,
            "precision": 0.25,
            "recall": 0.5,
            "macro_f1": 0.3333333333333333
        },
        {
            "epoch": 2,
            "precision": 0.7189669252756228,
            "recall": 0.6772727272727272,
            "macro_f1": 0.6611419645956265
        },
        {
            "epoch": 3,
            "precision": 0.70625,
            "recall": 0.6909090909090909,
            "macro_f1": 0.6850526315789474
        },
        {
            "epoch": 4,
            "precision": 0.703482809210946,
            "recall": 0.6977272727272728,
            "macro_f1": 0.6955745951485452
        },
        {
            "epoch": 5,
            "precision": 0.7058495763157342,
            "recall": 0.7022727272727273,
            "macro_f1": 0.7009737547922534
        },
        {
            "epoch": 6,
            "precision": 0.7069286212508719,
            "recall": 0.7022727272727273,
            "macro_f1": 0.70058853779784
        },
        {
            "epoch": 7,
            "precision": 0.7074427960774453,
            "recall": 0.7045454545454546,
            "macro_f1": 0.7035101905413531
        },
        {
            "epoch": 8,
            "precision": 0.7032930107526881,
            "recall": 0.7,
            "macro_f1": 0.6987801842170774
        },
        {
            "epoch": 9,
            "precision": 0.7028329561646132,
            "recall": 0.7,
            "macro_f1": 0.6989488088573739
        }
    ],
    "test_metrics": {
        "precision": 0.5826132093404104,
        "recall": 0.5627777777777778,
        "macro_f1": 0.5348576055509751
    }
}