{
    "config": {
        "model_name": "roberta-base",
        "dataset": "figlang-twitter",
        "output_dir": "./out",
        "batch_size": 64,
        "pretrain_epochs": 20,
        "epochs": 10,
        "pretrain_lr": 3e-05,
        "classifier_lr": 2e-05,
        "model_lr": 5e-07,
        "dropout": 0.1,
        "temperature": 0.2
    },
    "pretrain_losses": [
        4.06415563569942,
        3.974468701322314,
        3.853578292148214,
        3.7008295327844754,
        3.560778043639492,
        3.510145321698256,
        3.4885912411649462,
        3.476468432117516,
        3.4514841899065902,
        3.445260998228906,
        3.4422507890513248,
        3.441673799299858,
        3.43882357570487,
        3.4486072164186288,
        3.435330008117246,
        3.431673295061353,
        3.4303362235217025,
        3.4289318709306316,
        3.4293664206921215,
        3.428950292963377
    ],
    "finetune_losses": [
        0.5298850616099129,
        0.19366695259658384,
        0.09952165165417631,
        0.06356699985097831
    ],
    "validation_metrics": [
        {
            "epoch": 1,
            "precision": 0.8554656396756528,
            "recall": 0.8500000000000001,
            "macro_f1": 0.8494211749966872
        },
        {
            "epoch": 2,
            "precision": 0.8552742070925652,
            "recall": 0.8520000000000001,
            "macro_f1": 0.8516582205401244
        },
        {
            "epoch": 3,
            "precision": 0.8529876877894499,
            "recall": 0.8500000000000001,
            "macro_f1": 0.849681926957442
        },
        {
            "epoch": 4,
            "precision": 0.8529876877894499,
            "recall": 0.8500000000000001,
            "macro_f1": 0.849681926957442
        }
    ],
    "test_metrics": {
        "precision": 0.7351250359298649,
        "recall": 0.7272222222222222,
        "macro_f1": 0.7249107080327755
    }
}