{
    "config": {
        "batch_size": 64,
        "classifier_lr": 1e-05,
        "dataset": "figlang-reddit",
        "dropout": 0.1,
        "epochs": 10,
        "model_lr": 1e-06,
        "model_name": "roberta-base",
        "output_dir": "./out",
        "pretrain_epochs": 20,
        "pretrain_lr": 3e-05,
        "temperature": 0.5
    },
    "pretrain_losses": [
        4.141854539994271,
        4.135387420654297,
        4.142287931134624,
        4.142158515991703,
        4.140699252005546,
        4.121180941981654,
        4.081136265108662,
        3.971127756180302,
        3.8276328117616716,
        3.722463757761063,
        3.6662363736860213,
        3.599248509253225,
        3.5655757419524656,
        3.549696772329269,
        3.532386306793459,
        3.5277550643490208,
        3.5164739354964225,
        3.5082652837999406,
        3.5151158494334065,
        3.5060301788391603
    ],
    "finetune_losses": [
        0.31387483256478466,
        0.11201992426668445,
        0.056030354372436,
        0.0439879598636781,
        0.03756408989729901,
        0.038471861336860924,
        0.034368185101137046,
        0.03238289573440148
    ],
    "validation_metrics": [
        {
            "epoch": 1,
            "precision": 0.6927350427350427,
            "recall": 0.6863636363636363,
            "macro_f1": 0.6837500000000001
        },
        {
            "epoch": 2,
            "precision": 0.6953165799753505,
            "recall": 0.6931818181818181,
            "macro_f1": 0.6923411594698323
        },
        {
            "epoch": 3,
            "precision": 0.6946335269260393,
            "recall": 0.6931818181818181,
            "macro_f1": 0.6926086349028924
        },
        {
            "epoch": 4,
            "precision": 0.6970833333333333,
            "recall": 0.6954545454545455,
            "macro_f1": 0.694824016563147
        },
        {
            "epoch": 5,
            "precision": 0.7003139717425432,
            "recall": 0.6977272727272728,
            "macro_f1": 0.6967482834564063
        },
        {
            "epoch": 6,
            "precision": 0.6989150090415913,
            "recall": 0.6977272727272728,
            "macro_f1": 0.6972753749139986
        },
        {
            "epoch": 7,
            "precision": 0.6946335269260393,
            "recall": 0.6931818181818181,
            "macro_f1": 0.6926086349028924
        },
        {
            "epoch": 8,
            "precision": 0.6989150090415913,
            "recall": 0.6977272727272728,
            "macro_f1": 0.6972753749139986
        }
    ],
    "test_metrics": {
        "precision": 0.5880951315553964,
        "recall": 0.5777777777777778,
        "macro_f1": 0.5650426563430008
    }
}