{
    "config": {
        "batch_size": 64,
        "classifier_lr": 3e-05,
        "dataset": "figlang-reddit",
        "dropout": 0.2,
        "epochs": 10,
        "model_lr": 1e-06,
        "model_name": "roberta-base",
        "output_dir": "./out",
        "pretrain_epochs": 20,
        "pretrain_lr": 1e-05,
        "temperature": 0.5
    },
    "pretrain_losses": [
        4.142937137234595,
        4.135478181223715,
        4.105542859723491,
        4.041442997993961,
        3.929633075191129,
        3.809172091945525,
        3.7348898879943357,
        3.6608337356198217,
        3.5924183207173503,
        3.5695452228669198,
        3.5638854811268468,
        3.546055236170369,
        3.513388491445972,
        3.5126801267746957,
        3.510792474592886,
        3.5122140876708494,
        3.5045342714555803,
        3.5060914370321457,
        3.4981621426920735,
        3.49591225962485
    ],
    "finetune_losses": [
        0.41788653789028046,
        0.11113134254851649,
        0.05235685681503627,
        0.03621099839708017,
        0.031097906836939436,
        0.036998159913045746
    ],
    "validation_metrics": [
        {
            "epoch": 1,
            "precision": 0.7010634762379528,
            "recall": 0.7,
            "macro_f1": 0.6996027805362462
        },
        {
            "epoch": 2,
            "precision": 0.6957133399536577,
            "recall": 0.6954545454545454,
            "macro_f1": 0.6953538359788359
        },
        {
            "epoch": 3,
            "precision": 0.7000661375661376,
            "recall": 0.7,
            "macro_f1": 0.6999752045623606
        },
        {
            "epoch": 4,
            "precision": 0.7099410837274915,
            "recall": 0.7090909090909091,
            "macro_f1": 0.7087960952203678
        },
        {
            "epoch": 5,
            "precision": 0.7066115702479339,
            "recall": 0.7045454545454546,
            "macro_f1": 0.7038049669628617
        },
        {
            "epoch": 6,
            "precision": 0.7075428666210528,
            "recall": 0.7068181818181818,
            "macro_f1": 0.7065620298711168
        }
    ],
    "test_metrics": {
        "precision": 0.5743648937608605,
        "recall": 0.5733333333333334,
        "macro_f1": 0.5718485463787382
    }
}