{
    "config": {
        "model_name": "roberta-base",
        "dataset": "figlang-twitter",
        "output_dir": "./out",
        "batch_size": 64,
        "pretrain_epochs": 20,
        "epochs": 10,
        "pretrain_lr": 5e-05,
        "classifier_lr": 3e-05,
        "model_lr": 5e-07,
        "dropout": 0.1,
        "temperature": 0.2
    },
    "pretrain_losses": [
        4.083427711271904,
        3.987963572354384,
        3.8523012013502522,
        3.7097738024214624,
        3.5908674387864665,
        3.5365880778138066,
        3.525881975469455,
        3.480561783615972,
        3.5222281536585847,
        3.504392573531245,
        3.457339716629243,
        3.4463375454217617,
        3.459648011435925,
        3.471009378701868,
        3.4989815765703227,
        3.4501579748073095,
        3.4713245714214485,
        3.468053515528289,
        3.4598460969790605,
        3.454821462362585
    ],
    "finetune_losses": [
        0.582589564189105,
        0.23594797979777968,
        0.09662777174946288
    ],
    "validation_metrics": [
        {
            "epoch": 1,
            "precision": 0.8581432573029212,
            "recall": 0.858,
            "macro_f1": 0.857985798579858
        },
        {
            "epoch": 2,
            "precision": 0.8562051741803278,
            "recall": 0.856,
            "macro_f1": 0.8559792610135859
        },
        {
            "epoch": 3,
            "precision": 0.8485576923076923,
            "recall": 0.848,
            "macro_f1": 0.8479391756702681
        }
    ],
    "test_metrics": {
        "precision": 0.7476523649030571,
        "recall": 0.7461111111111112,
        "macro_f1": 0.7457154789287901
    }
}