{
    "config": {
        "batch_size": 64,
        "classifier_lr": 1e-05,
        "dataset": "figlang-reddit",
        "dropout": 0.5,
        "epochs": 10,
        "model_lr": 1e-06,
        "model_name": "roberta-base",
        "output_dir": "./out",
        "pretrain_epochs": 20,
        "pretrain_lr": 3e-05,
        "temperature": 0.5
    },
    "pretrain_losses": [
        4.1413714347347135,
        4.116821581317533,
        4.063106559938,
        3.9203626417344615,
        3.767695200058722,
        3.690964448836542,
        3.593517591876368,
        3.589978221924074,
        3.5393774201793056,
        3.5247025412897908,
        3.514127758241469,
        3.515253593844752,
        3.501921280737846,
        3.4983119272416636,
        3.4924618774844753,
        3.487810707861377,
        3.4813334172771824,
        3.4837866521650747,
        3.487790746073569,
        3.4853906516105897
    ],
    "finetune_losses": [
        0.8504577125272443,
        0.6042180974637309,
        0.4213644054628188,
        0.30259431970696293,
        0.2025504530437531,
        0.129719479910789
    ],
    "validation_metrics": [
        {
            "epoch": 1,
            "precision": 0.25,
            "recall": 0.5,
            "macro_f1": 0.3333333333333333
        },
        {
            "epoch": 2,
            "precision": 0.25,
            "recall": 0.5,
            "macro_f1": 0.3333333333333333
        },
        {
            "epoch": 3,
            "precision": 0.7068224550094011,
            "recall": 0.7068181818181818,
            "macro_f1": 0.706816667441464
        },
        {
            "epoch": 4,
            "precision": 0.7114728682170542,
            "recall": 0.7113636363636364,
            "macro_f1": 0.7113263592922641
        },
        {
            "epoch": 5,
            "precision": 0.7102027251578598,
            "recall": 0.7090909090909091,
            "macro_f1": 0.7087057265806025
        },
        {
            "epoch": 6,
            "precision": 0.707164883379209,
            "recall": 0.7068181818181818,
            "macro_f1": 0.7066954665950114
        }
    ],
    "test_metrics": {
        "precision": 0.5826504004470106,
        "recall": 0.5788888888888889,
        "macro_f1": 0.5740424384103578
    }
}