{
    "config": {
        "batch_size": 64,
        "classifier_lr": 1e-05,
        "dataset": "figlang-reddit",
        "dropout": 0.1,
        "epochs": 10,
        "model_lr": 1e-06,
        "model_name": "roberta-base",
        "output_dir": "./out",
        "pretrain_epochs": 20,
        "pretrain_lr": 5e-05,
        "temperature": 0.5
    },
    "pretrain_losses": [
        4.1423991649381575,
        4.143104937768752,
        4.142943636063607,
        4.143097954411661,
        4.14309650082742,
        4.143094316605599,
        4.143079949963477,
        4.143096808464296,
        4.143095716353385,
        4.143096523900186,
        4.143096446990967,
        4.143095947081043,
        4.143096239336075,
        4.143096477754654,
        4.143095639444167,
        4.143096693100468,
        4.143096293172529,
        4.143096939209969,
        4.14309633931806,
        4.143096554663874
    ],
    "finetune_losses": [
        0.6940433296465105,
        0.6933537712020259,
        0.6931731931624874
    ],
    "validation_metrics": [
        {
            "epoch": 1,
            "precision": 0.25,
            "recall": 0.5,
            "macro_f1": 0.3333333333333333
        },
        {
            "epoch": 2,
            "precision": 0.25,
            "recall": 0.5,
            "macro_f1": 0.3333333333333333
        },
        {
            "epoch": 3,
            "precision": 0.25,
            "recall": 0.5,
            "macro_f1": 0.3333333333333333
        }
    ],
    "test_metrics": {
        "precision": 0.25,
        "recall": 0.5,
        "macro_f1": 0.3333333333333333
    }
}