{
    "config": {
        "model_name": "roberta-base",
        "dataset": "figlang-reddit",
        "output_dir": "./out",
        "batch_size": 64,
        "epochs": 5,
        "pretrain_epochs": 10,
        "lr": 5e-05,
        "model_lr": 1e-06,
        "dropout": 0.3,
        "temperature": 0.07
    },
    "pretrain_losses": [
        4.140014456164453,
        4.138597342275804,
        4.133917639332433,
        4.108190136571085,
        4.119906971531529,
        4.086327264385838,
        3.95379271430354,
        3.7560314901413454,
        3.620317312978929,
        3.5547031241078533
    ],
    "finetune_losses": [
        0.5140794977065055,
        0.18676694758957432,
        0.06886745394477921,
        0.032480928145589366,
        0.022296496907309178
    ],
    "validation_metrics": [
        {
            "epoch": 1,
            "precision": 0.6754162148370224,
            "recall": 0.6704545454545454,
            "macro_f1": 0.6681076413273614
        },
        {
            "epoch": 2,
            "precision": 0.6782153539381854,
            "recall": 0.6772727272727272,
            "macro_f1": 0.6768454154253558
        },
        {
            "epoch": 3,
            "precision": 0.6803840166061235,
            "recall": 0.6795454545454546,
            "macro_f1": 0.6791725921137686
        },
        {
            "epoch": 4,
            "precision": 0.684735958201157,
            "recall": 0.6840909090909091,
            "macro_f1": 0.6838149004037615
        },
        {
            "epoch": 5,
            "precision": 0.6818942961800105,
            "recall": 0.6795454545454545,
            "macro_f1": 0.6785075787019044
        }
    ],
    "test_metrics": {
        "precision": 0.5785828287381669,
        "recall": 0.5716666666666667,
        "macro_f1": 0.5620301125599652
    }
}