{
    "config": {
        "batch_size": 64,
        "classifier_lr": 1e-05,
        "dataset": "figlang-reddit",
        "dropout": 0.2,
        "epochs": 10,
        "model_lr": 1e-06,
        "model_name": "roberta-base",
        "output_dir": "./out",
        "pretrain_epochs": 20,
        "pretrain_lr": 5e-05,
        "temperature": 0.5
    },
    "pretrain_losses": [
        4.143113313182708,
        4.143096077826716,
        4.143095639444167,
        4.143096131663168,
        4.14309601629934,
        4.143095524080338,
        4.143095685589698,
        4.143095662516933,
        4.143095708662464,
        4.143095516389416,
        4.143095824026292,
        4.143095377952822,
        4.143095762498917,
        4.14309549331665,
        4.14309557022587,
        4.143095593298635,
        4.143095477934806,
        4.143095554844026,
        4.14309565482601,
        4.143095754807995
    ],
    "finetune_losses": [
        0.7041240392192718,
        0.697781951196732,
        0.6945119634751351
    ],
    "validation_metrics": [
        {
            "epoch": 1,
            "precision": 0.25,
            "recall": 0.5,
            "macro_f1": 0.3333333333333333
        },
        {
            "epoch": 2,
            "precision": 0.25,
            "recall": 0.5,
            "macro_f1": 0.3333333333333333
        },
        {
            "epoch": 3,
            "precision": 0.25,
            "recall": 0.5,
            "macro_f1": 0.3333333333333333
        }
    ],
    "test_metrics": {
        "precision": 0.25,
        "recall": 0.5,
        "macro_f1": 0.3333333333333333
    }
}