{
    "config": {
        "batch_size": 64,
        "classifier_lr": 3e-05,
        "dataset": "figlang-reddit",
        "dropout": 0.1,
        "epochs": 10,
        "model_lr": 5e-07,
        "model_name": "roberta-base",
        "output_dir": "./out",
        "pretrain_epochs": 20,
        "pretrain_lr": 3e-05,
        "temperature": 0.5
    },
    "pretrain_losses": [
        4.140952921682788,
        4.124122246619193,
        4.076315064584056,
        3.97626184263537,
        3.800445871968423,
        3.6685752676379297,
        3.5914505258683236,
        3.558408837164602,
        3.5290535073126517,
        3.5291244368399344,
        3.492841589835382,
        3.5247103129663775,
        3.480748761084772,
        3.488082939578641,
        3.4772486455978884,
        3.4708790932932208,
        3.473678811903923,
        3.4721551941287134,
        3.4737749599641368,
        3.4725976413296116
    ],
    "finetune_losses": [
        0.18805854094605293,
        0.04728949223194392,
        0.028618112777269656
    ],
    "validation_metrics": [
        {
            "epoch": 1,
            "precision": 0.7091600529100529,
            "recall": 0.709090909090909,
            "macro_f1": 0.7090668650301677
        },
        {
            "epoch": 2,
            "precision": 0.7069250645994831,
            "recall": 0.7068181818181818,
            "macro_f1": 0.7067803177063154
        },
        {
            "epoch": 3,
            "precision": 0.7045623605256632,
            "recall": 0.7045454545454546,
            "macro_f1": 0.70453934998657
        }
    ],
    "test_metrics": {
        "precision": 0.6154677369558506,
        "recall": 0.6038888888888889,
        "macro_f1": 0.593703255217608
    }
}