{
    "config": {
        "model_name": "roberta-base",
        "dataset": "figlang-twitter",
        "output_dir": "./out",
        "batch_size": 64,
        "pretrain_epochs": 20,
        "epochs": 10,
        "pretrain_lr": 5e-05,
        "classifier_lr": 3e-05,
        "model_lr": 5e-07,
        "dropout": 0.1,
        "temperature": 0.25
    },
    "pretrain_losses": [
        4.066345057017367,
        3.960920894649667,
        3.801044870430315,
        3.654568759488388,
        3.5644064789087,
        3.5138975600121727,
        3.4867383661404463,
        3.4634777525780907,
        3.4592515616349773,
        3.4572610351401316,
        3.4512253412058658,
        3.4431031992737675,
        3.4543010449745286,
        3.4423781448686626,
        3.4404657625816237,
        3.4398273380709368,
        3.4368327973594126,
        3.435346499295302,
        3.436442690835872,
        3.435269872907182
    ],
    "finetune_losses": [
        0.45208073501855556,
        0.13006373421407083,
        0.06608458534932472,
        0.04340057221936508
    ],
    "validation_metrics": [
        {
            "epoch": 1,
            "precision": 0.849431270483902,
            "recall": 0.848,
            "macro_f1": 0.847844192453072
        },
        {
            "epoch": 2,
            "precision": 0.854459379355645,
            "recall": 0.854,
            "macro_f1": 0.8539526806685366
        },
        {
            "epoch": 3,
            "precision": 0.8525641025641026,
            "recall": 0.852,
            "macro_f1": 0.8519407763105242
        },
        {
            "epoch": 4,
            "precision": 0.854459379355645,
            "recall": 0.854,
            "macro_f1": 0.8539526806685366
        }
    ],
    "test_metrics": {
        "precision": 0.7353536018604674,
        "recall": 0.7338888888888888,
        "macro_f1": 0.7334742109559966
    }
}