{
    "config": {
        "batch_size": 64,
        "classifier_lr": 1e-05,
        "dataset": "figlang-reddit",
        "dropout": 0.5,
        "epochs": 10,
        "model_lr": 5e-07,
        "model_name": "roberta-base",
        "output_dir": "./out",
        "pretrain_epochs": 20,
        "pretrain_lr": 1e-05,
        "temperature": 0.5
    },
    "pretrain_losses": [
        4.142885223511727,
        4.13181451828249,
        4.104857617808927,
        4.059933723941926,
        4.0031511322144535,
        3.9106014774691675,
        3.8122620505671345,
        3.734148694622901,
        3.6689811521960842,
        3.628231560030291,
        3.608667442875524,
        3.593102116738596,
        3.554040108957598,
        3.5444031107810234,
        3.538924582542912,
        3.5358583504153835,
        3.519529458015196,
        3.530775631627729,
        3.5277638896819083,
        3.5286326831386936
    ],
    "finetune_losses": [
        0.5790140590360088,
        0.40806165001084727,
        0.3334727671838576,
        0.27231001661669824,
        0.2198125494103278
    ],
    "validation_metrics": [
        {
            "epoch": 1,
            "precision": 0.6947916666666667,
            "recall": 0.6545454545454545,
            "macro_f1": 0.6357298474945534
        },
        {
            "epoch": 2,
            "precision": 0.7135284455726445,
            "recall": 0.7068181818181818,
            "macro_f1": 0.7044965873416668
        },
        {
            "epoch": 3,
            "precision": 0.7110078205695736,
            "recall": 0.7068181818181818,
            "macro_f1": 0.7053556133493217
        },
        {
            "epoch": 4,
            "precision": 0.7008132105219484,
            "recall": 0.7,
            "macro_f1": 0.6996959731960042
        },
        {
            "epoch": 5,
            "precision": 0.7041326966784128,
            "recall": 0.7022727272727273,
            "macro_f1": 0.7015929881600133
        }
    ],
    "test_metrics": {
        "precision": 0.5787315472936031,
        "recall": 0.5711111111111111,
        "macro_f1": 0.5604757085020242
    }
}