{
    "config": {
        "batch_size": 64,
        "classifier_lr": 1e-05,
        "dataset": "figlang-reddit",
        "dropout": 0.5,
        "epochs": 10,
        "model_lr": 1e-06,
        "model_name": "roberta-base",
        "output_dir": "./out",
        "pretrain_epochs": 20,
        "pretrain_lr": 5e-05,
        "temperature": 0.5
    },
    "pretrain_losses": [
        4.139513246474728,
        4.143100377052061,
        4.143102999656431,
        4.143098000557192,
        4.143099723323699,
        4.143101215362549,
        4.1430902404169885,
        4.1428571901013775,
        4.141405367082165,
        4.143098761958461,
        4.143097277610533,
        4.143097739065847,
        4.143096723864155,
        4.143094662697084,
        4.143095831717214,
        4.143092201602075,
        4.143092086238246,
        4.143090317326207,
        4.143090924909038,
        4.143088133104386
    ],
    "finetune_losses": [
        0.7242755947574493,
        0.7084797140090696,
        0.712116277025592,
        0.7143268719796212,
        0.7103992354485297,
        0.7036826687474405
    ],
    "validation_metrics": [
        {
            "epoch": 1,
            "precision": 0.25,
            "recall": 0.5,
            "macro_f1": 0.3333333333333333
        },
        {
            "epoch": 2,
            "precision": 0.5505747126436782,
            "recall": 0.5022727272727273,
            "macro_f1": 0.3461577608142493
        },
        {
            "epoch": 3,
            "precision": 0.6052039381153305,
            "recall": 0.5386363636363637,
            "macro_f1": 0.4519404816689676
        },
        {
            "epoch": 4,
            "precision": 0.5857943885832333,
            "recall": 0.5840909090909091,
            "macro_f1": 0.5820161026583401
        },
        {
            "epoch": 5,
            "precision": 0.6008619108747479,
            "recall": 0.5340909090909091,
            "macro_f1": 0.441690032743456
        },
        {
            "epoch": 6,
            "precision": 0.5957354221061792,
            "recall": 0.5431818181818182,
            "macro_f1": 0.470517448856799
        }
    ],
    "test_metrics": {
        "precision": 0.48935490738769427,
        "recall": 0.4961111111111111,
        "macro_f1": 0.4010809597231898
    }
}