{
    "config": {
        "batch_size": 64,
        "classifier_lr": 1e-05,
        "dataset": "figlang-reddit",
        "dropout": 0.2,
        "epochs": 10,
        "model_lr": 5e-07,
        "model_name": "roberta-base",
        "output_dir": "./out",
        "pretrain_epochs": 20,
        "pretrain_lr": 5e-05,
        "temperature": 0.5
    },
    "pretrain_losses": [
        4.140475803805936,
        4.1411519050598145,
        4.143098200521162,
        4.143094716533538,
        4.143098923467821,
        4.143097662156628,
        4.1430972391559235,
        4.1430953702619,
        4.143098538921725,
        4.143098169757474,
        4.143096400845435,
        4.143096247026997,
        4.143097008428266,
        4.143097908266129,
        4.143096323936216,
        4.143097216083158,
        4.143096423918201,
        4.143096893064437,
        4.143096746936921,
        4.143097316065142
    ],
    "finetune_losses": [
        0.6971699143609693,
        0.6973260352688451,
        0.6938778123547954
    ],
    "validation_metrics": [
        {
            "epoch": 1,
            "precision": 0.25,
            "recall": 0.5,
            "macro_f1": 0.3333333333333333
        },
        {
            "epoch": 2,
            "precision": 0.25,
            "recall": 0.5,
            "macro_f1": 0.3333333333333333
        },
        {
            "epoch": 3,
            "precision": 0.25,
            "recall": 0.5,
            "macro_f1": 0.3333333333333333
        }
    ],
    "test_metrics": {
        "precision": 0.25,
        "recall": 0.5,
        "macro_f1": 0.3333333333333333
    }
}