{
    "config": {
        "model_name": "roberta-base",
        "dataset": "figlang-twitter",
        "output_dir": "./out",
        "batch_size": 64,
        "pretrain_epochs": 20,
        "epochs": 10,
        "pretrain_lr": 0.0001,
        "classifier_lr": 3e-05,
        "model_lr": 5e-07,
        "dropout": 0.2,
        "temperature": 0.15
    },
    "pretrain_losses": [
        4.123004211506373,
        4.126271395616128,
        4.125751804298078,
        4.126035455247046,
        4.126273477581186,
        4.126273145138378,
        4.126273333186835,
        4.126271607170643,
        4.1262740618746045,
        4.126275227103434,
        4.126271294875884,
        4.12627357832143,
        4.1262729671639455,
        4.1262702303872985,
        4.126274464835583,
        4.126273611901512,
        4.1262702337453065,
        4.126272755609432,
        4.126272990670003,
        4.126274535353755
    ],
    "finetune_losses": [
        0.7010354559186479,
        0.7011949092569486,
        0.6986763829916296
    ],
    "validation_metrics": [
        {
            "epoch": 1,
            "precision": 0.25,
            "recall": 0.5,
            "macro_f1": 0.3333333333333333
        },
        {
            "epoch": 2,
            "precision": 0.25,
            "recall": 0.5,
            "macro_f1": 0.3333333333333333
        },
        {
            "epoch": 3,
            "precision": 0.25,
            "recall": 0.5,
            "macro_f1": 0.3333333333333333
        }
    ],
    "test_metrics": {
        "precision": 0.25,
        "recall": 0.5,
        "macro_f1": 0.3333333333333333
    }
}