{
    "config": {
        "model_name": "roberta-base",
        "dataset": "figlang-twitter",
        "output_dir": "./out",
        "batch_size": 64,
        "pretrain_epochs": 20,
        "epochs": 10,
        "pretrain_lr": 5e-05,
        "classifier_lr": 3e-05,
        "model_lr": 5e-07,
        "dropout": 0.5,
        "temperature": 0.2
    },
    "pretrain_losses": [
        4.069053384619699,
        3.987001210870877,
        3.839903918790146,
        3.664122071064694,
        3.5801301472623583,
        3.551409063204913,
        3.49340020770758,
        3.4852935226870256,
        3.4825011945106614,
        3.4879268424611696,
        3.484027325267523,
        3.469504034015494,
        3.448092497570414,
        3.453197519544145,
        3.4520953843291378,
        3.493975192728177,
        3.4882874656730976,
        3.450175060352809,
        3.460243520602374,
        3.437941534418455
    ],
    "finetune_losses": [
        1.1456445203700536,
        0.5866048025413299,
        0.2932849171715723,
        0.16205971205318478,
        0.10197273285036355
    ],
    "validation_metrics": [
        {
            "epoch": 1,
            "precision": 0.25,
            "recall": 0.5,
            "macro_f1": 0.3333333333333333
        },
        {
            "epoch": 2,
            "precision": 0.8342620614561816,
            "recall": 0.834,
            "macro_f1": 0.8339674576216939
        },
        {
            "epoch": 3,
            "precision": 0.836,
            "recall": 0.836,
            "macro_f1": 0.836
        },
        {
            "epoch": 4,
            "precision": 0.8340481029268214,
            "recall": 0.834,
            "macro_f1": 0.8339940237848562
        },
        {
            "epoch": 5,
            "precision": 0.8360215053763441,
            "recall": 0.836,
            "macro_f1": 0.8359973759580153
        }
    ],
    "test_metrics": {
        "precision": 0.7212660654769203,
        "recall": 0.7205555555555556,
        "macro_f1": 0.7203310435321688
    }
}