{
    "config": {
        "batch_size": 64,
        "classifier_lr": 1e-05,
        "dataset": "figlang-reddit",
        "dropout": 0.1,
        "epochs": 10,
        "model_lr": 1e-06,
        "model_name": "roberta-base",
        "output_dir": "./out",
        "pretrain_epochs": 20,
        "pretrain_lr": 3e-05,
        "temperature": 0.2
    },
    "pretrain_losses": [
        4.137134321274296,
        4.128204384157734,
        4.0836433326044395,
        3.9734943489874563,
        3.7819910703166837,
        3.616107360009224,
        3.552147411531018,
        3.512143369643919,
        3.490820296349064,
        3.4667414619076635,
        3.463251836838261,
        3.4564778497142177,
        3.448388934135437,
        3.450369031198563,
        3.444230479578818,
        3.44938672742536,
        3.4459573491927116,
        3.4447902171842513,
        3.448354313450475,
        3.446880275203336
    ],
    "finetune_losses": [
        0.694021672971787,
        0.5310719493896731,
        0.1878661854613212,
        0.05487078680626808,
        0.02874121793936337,
        0.01836509078801159
    ],
    "validation_metrics": [
        {
            "epoch": 1,
            "precision": 0.25,
            "recall": 0.5,
            "macro_f1": 0.3333333333333333
        },
        {
            "epoch": 2,
            "precision": 0.725272331154684,
            "recall": 0.7136363636363636,
            "macro_f1": 0.7098901098901099
        },
        {
            "epoch": 3,
            "precision": 0.7309243208413876,
            "recall": 0.7295454545454545,
            "macro_f1": 0.7291411249230515
        },
        {
            "epoch": 4,
            "precision": 0.7346776030986557,
            "recall": 0.7340909090909091,
            "macro_f1": 0.7339246119733924
        },
        {
            "epoch": 5,
            "precision": 0.7312704261121172,
            "recall": 0.7295454545454545,
            "macro_f1": 0.7290402040995865
        },
        {
            "epoch": 6,
            "precision": 0.7351842241826674,
            "recall": 0.7340909090909091,
            "macro_f1": 0.733781512605042
        }
    ],
    "test_metrics": {
        "precision": 0.5736276962157305,
        "recall": 0.5655555555555556,
        "macro_f1": 0.5533124566037784
    }
}