{
    "config": {
        "batch_size": 64,
        "classifier_lr": 1e-05,
        "dataset": "figlang-reddit",
        "dropout": 0.1,
        "epochs": 10,
        "model_lr": 5e-07,
        "model_name": "roberta-base",
        "output_dir": "./out",
        "pretrain_epochs": 20,
        "pretrain_lr": 1e-05,
        "temperature": 0.2
    },
    "pretrain_losses": [
        4.1401483243511565,
        4.123552283933086,
        4.081204572031575,
        4.019484908350052,
        3.9345931468471402,
        3.8180023393323346,
        3.7204915861929617,
        3.6330770061862085,
        3.5642577871199577,
        3.549114965623425,
        3.5407641241627354,
        3.517065163581602,
        3.4887370524867887,
        3.4786137303998395,
        3.474381839075396,
        3.4704751545383083,
        3.472542478192237,
        3.4654476527244813,
        3.46828152671937,
        3.4654336821648384
    ],
    "finetune_losses": [
        0.5916545722753771,
        0.4066798249560018,
        0.2775051752405782,
        0.16083276283837133,
        0.085666851651284,
        0.057866758096121976,
        0.048869507898005746,
        0.043041336590484265,
        0.04279881859979322
    ],
    "validation_metrics": [
        {
            "epoch": 1,
            "precision": 0.6517241379310346,
            "recall": 0.5068181818181818,
            "macro_f1": 0.3521289228159457
        },
        {
            "epoch": 2,
            "precision": 0.6826914444743694,
            "recall": 0.6681818181818182,
            "macro_f1": 0.6614599801850798
        },
        {
            "epoch": 3,
            "precision": 0.688034188034188,
            "recall": 0.6818181818181819,
            "macro_f1": 0.6791666666666667
        },
        {
            "epoch": 4,
            "precision": 0.6878201479795105,
            "recall": 0.6840909090909091,
            "macro_f1": 0.6825149632213623
        },
        {
            "epoch": 5,
            "precision": 0.6909237151807637,
            "recall": 0.6863636363636364,
            "macro_f1": 0.6844796408305793
        },
        {
            "epoch": 6,
            "precision": 0.6941272777529714,
            "recall": 0.6886363636363636,
            "macro_f1": 0.6864189438748173
        },
        {
            "epoch": 7,
            "precision": 0.69353471118177,
            "recall": 0.6886363636363637,
            "macro_f1": 0.6866536712150748
        },
        {
            "epoch": 8,
            "precision": 0.689432123655914,
            "recall": 0.6863636363636363,
            "macro_f1": 0.6850883744087628
        },
        {
            "epoch": 9,
            "precision": 0.689432123655914,
            "recall": 0.6863636363636363,
            "macro_f1": 0.6850883744087628
        }
    ],
    "test_metrics": {
        "precision": 0.577893361475451,
        "recall": 0.5688888888888889,
        "macro_f1": 0.5560589938099978
    }
}