{
    "config": {
        "model_name": "roberta-base",
        "dataset": "figlang-twitter",
        "output_dir": "./out",
        "batch_size": 64,
        "pretrain_epochs": 20,
        "epochs": 10,
        "pretrain_lr": 5e-05,
        "classifier_lr": 3e-05,
        "model_lr": 5e-07,
        "dropout": 0.2,
        "temperature": 0.25
    },
    "pretrain_losses": [
        4.060741780509411,
        3.963382982871902,
        3.822125196456909,
        3.672771920620556,
        3.563803427655932,
        3.5208873748779297,
        3.482267980844202,
        3.4918142271713473,
        3.45167622096102,
        3.4744354738316066,
        3.4501385823102066,
        3.446751869900126,
        3.44198722234914,
        3.4355073075898934,
        3.4314688863888594,
        3.4344610798526816,
        3.4305056417492072,
        3.4316348660160116,
        3.429529720628765,
        3.432342804653544
    ],
    "finetune_losses": [
        0.5173262546599751,
        0.14720859924252605,
        0.06044088319783479
    ],
    "validation_metrics": [
        {
            "epoch": 1,
            "precision": 0.8472501003613007,
            "recall": 0.846,
            "macro_f1": 0.8458612751476329
        },
        {
            "epoch": 2,
            "precision": 0.8447944063121432,
            "recall": 0.844,
            "macro_f1": 0.8439100922131147
        },
        {
            "epoch": 3,
            "precision": 0.844551282051282,
            "recall": 0.844,
            "macro_f1": 0.843937575030012
        }
    ],
    "test_metrics": {
        "precision": 0.7299107142857143,
        "recall": 0.7288888888888889,
        "macro_f1": 0.7285873192436041
    }
}