{
    "config": {
        "batch_size": 64,
        "classifier_lr": 3e-05,
        "dataset": "figlang-reddit",
        "dropout": 0.2,
        "epochs": 10,
        "model_lr": 1e-06,
        "model_name": "roberta-base",
        "output_dir": "./out",
        "pretrain_epochs": 20,
        "pretrain_lr": 5e-05,
        "temperature": 0.07
    },
    "pretrain_losses": [
        4.140630368263491,
        4.132995044031451,
        4.099506524301344,
        4.014133818687931,
        3.855815241413732,
        3.6864724928332913,
        3.575339824922623,
        3.52653952183262,
        3.510491155808972,
        3.4579950763333227,
        3.46065717358743,
        3.4526896592109435,
        3.454706968799714,
        3.442632086815373,
        3.4413082061275357,
        3.4471856394121723,
        3.4454658762101205,
        3.4420012697096793,
        3.441589343932367,
        3.4437403025165683
    ],
    "finetune_losses": [
        0.5912478494067346,
        0.23797512943706206,
        0.10039924469686323,
        0.05145351348384734,
        0.03243320702665275
    ],
    "validation_metrics": [
        {
            "epoch": 1,
            "precision": 0.6933775930177246,
            "recall": 0.6931818181818181,
            "macro_f1": 0.6931041430940682
        },
        {
            "epoch": 2,
            "precision": 0.6977640470335393,
            "recall": 0.6977272727272728,
            "macro_f1": 0.697713220139366
        },
        {
            "epoch": 3,
            "precision": 0.7002648129758358,
            "recall": 0.7,
            "macro_f1": 0.6999007936507937
        },
        {
            "epoch": 4,
            "precision": 0.6955191798941799,
            "recall": 0.6954545454545455,
            "macro_f1": 0.6954293743284569
        },
        {
            "epoch": 5,
            "precision": 0.6977313580859108,
            "recall": 0.6977272727272728,
            "macro_f1": 0.6977257113931373
        }
    ],
    "test_metrics": {
        "precision": 0.6180514409953944,
        "recall": 0.6138888888888889,
        "macro_f1": 0.6104550016363381
    }
}