{
    "config": {
        "model_name": "roberta-base",
        "dataset": "figlang-reddit",
        "output_dir": "./out",
        "batch_size": 64,
        "epochs": 5,
        "pretrain_epochs": 10,
        "lr": 2e-05,
        "model_lr": 5e-07,
        "dropout": 0.3,
        "temperature": 0.07
    },
    "pretrain_losses": [
        4.138240775754375,
        4.118410633456323,
        4.0901198425600604,
        4.0090246623562225,
        3.9328889154618785,
        3.7488323873089207,
        3.618063465241463,
        3.530400122365644,
        3.536993061342547,
        3.5101924250202794
    ],
    "finetune_losses": [
        0.6919598377520039,
        0.5779497517693427,
        0.3365472672927764,
        0.1496081367856072,
        0.07104270893239206
    ],
    "validation_metrics": [
        {
            "epoch": 1,
            "precision": 0.7321120276232496,
            "recall": 0.575,
            "macro_f1": 0.4884325319107928
        },
        {
            "epoch": 2,
            "precision": 0.7254545454545455,
            "recall": 0.7113636363636363,
            "macro_f1": 0.7067821067821067
        },
        {
            "epoch": 3,
            "precision": 0.6925,
            "recall": 0.6909090909090909,
            "macro_f1": 0.6902691511387165
        },
        {
            "epoch": 4,
            "precision": 0.7000165302917596,
            "recall": 0.7,
            "macro_f1": 0.6999938015248248
        },
        {
            "epoch": 5,
            "precision": 0.6938587215691153,
            "recall": 0.6931818181818182,
            "macro_f1": 0.6929137521907036
        }
    ],
    "test_metrics": {
        "precision": 0.5551767964760683,
        "recall": 0.5516666666666667,
        "macro_f1": 0.5444211347696122
    }
}