{
    "config": {
        "model_name": "roberta-base",
        "dataset": "figlang-reddit",
        "output_dir": "./out",
        "batch_size": 64,
        "epochs": 10,
        "pretrain_epochs": 10,
        "lr": 2e-05,
        "model_lr": 1e-06,
        "dropout": 0.3,
        "temperature": 0.07
    },
    "pretrain_losses": [
        4.139041208451794,
        4.117041960839303,
        4.075108466609832,
        3.9797603276468094,
        3.801059023026497,
        3.6191537610946165,
        3.5545128122452767,
        3.5326835340069187,
        3.5149044182992752,
        3.4997221539097447
    ],
    "finetune_losses": [
        0.5054377634679118,
        0.24785230885590276,
        0.08290313646918343
    ],
    "validation_metrics": [
        {
            "epoch": 1,
            "precision": 0.7195142663043479,
            "recall": 0.7136363636363636,
            "macro_f1": 0.7117064647641235
        },
        {
            "epoch": 2,
            "precision": 0.7093677590201919,
            "recall": 0.7090909090909091,
            "macro_f1": 0.7089947089947091
        },
        {
            "epoch": 3,
            "precision": 0.7049689440993789,
            "recall": 0.7045454545454546,
            "macro_f1": 0.7043927648578812
        }
    ],
    "test_metrics": {
        "precision": 0.5793155080213903,
        "recall": 0.5572222222222223,
        "macro_f1": 0.5240804478540327
    }
}