{
    "config": {
        "batch_size": 64,
        "classifier_lr": 3e-05,
        "dataset": "figlang-reddit",
        "dropout": 0.1,
        "epochs": 10,
        "model_lr": 5e-07,
        "model_name": "roberta-base",
        "output_dir": "./out",
        "pretrain_epochs": 0,
        "pretrain_lr": 3e-05,
        "temperature": 0.5
    },
    "pretrain_losses": [],
    "finetune_losses": [
        0.6960151695436047,
        0.6931611530242427,
        0.6935547446050951,
        0.6921515022554705,
        0.6911542704028468,
        0.6915371677567882,
        0.6906339256994186,
        0.6901724511577237
    ],
    "validation_metrics": [
        {
            "epoch": 1,
            "precision": 0.7505694760820045,
            "recall": 0.5022727272727273,
            "macro_f1": 0.33836403710544566
        },
        {
            "epoch": 2,
            "precision": 0.5636574074074074,
            "recall": 0.5045454545454545,
            "macro_f1": 0.3547519104509741
        },
        {
            "epoch": 3,
            "precision": 0.579436721429861,
            "recall": 0.5363636363636364,
            "macro_f1": 0.46365830923301227
        },
        {
            "epoch": 4,
            "precision": 0.5757575757575757,
            "recall": 0.5272727272727272,
            "macro_f1": 0.43722943722943725
        },
        {
            "epoch": 5,
            "precision": 0.5751146229636133,
            "recall": 0.5636363636363636,
            "macro_f1": 0.5463040536186119
        },
        {
            "epoch": 6,
            "precision": 0.5624487478710654,
            "recall": 0.5613636363636364,
            "macro_f1": 0.5594498830145415
        },
        {
            "epoch": 7,
            "precision": 0.5600638440860215,
            "recall": 0.5590909090909091,
            "macro_f1": 0.5572981495311593
        },
        {
            "epoch": 8,
            "precision": 0.5638392857142858,
            "recall": 0.5590909090909091,
            "macro_f1": 0.5507368421052632
        }
    ],
    "test_metrics": {
        "precision": 0.5016694883080168,
        "recall": 0.5016666666666667,
        "macro_f1": 0.5014560164464553
    }
}