{
    "config": {
        "model_name": "roberta-base",
        "dataset": "figlang-reddit",
        "output_dir": "./out",
        "batch_size": 64,
        "epochs": 5,
        "pretrain_epochs": 10,
        "lr": 5e-05,
        "model_lr": 2e-06,
        "dropout": 0.3,
        "temperature": 0.07
    },
    "pretrain_losses": [
        4.140713637874972,
        4.1346424702675115,
        4.121526810430711,
        4.081201026516576,
        3.960824124274715,
        3.76732131742662,
        3.6547176722557313,
        3.5222026032786213,
        3.502209782600403,
        3.470345724013544
    ],
    "finetune_losses": [
        0.493362947337089,
        0.08653349255121523,
        0.008082091887181083,
        0.004470067545621385,
        0.0042476953446654786
    ],
    "validation_metrics": [
        {
            "epoch": 1,
            "precision": 0.6977313580859108,
            "recall": 0.6977272727272728,
            "macro_f1": 0.6977257113931373
        },
        {
            "epoch": 2,
            "precision": 0.6955191798941799,
            "recall": 0.6954545454545455,
            "macro_f1": 0.6954293743284569
        },
        {
            "epoch": 3,
            "precision": 0.6936659831396674,
            "recall": 0.6931818181818181,
            "macro_f1": 0.692989936892376
        },
        {
            "epoch": 4,
            "precision": 0.6879166666666666,
            "recall": 0.6863636363636363,
            "macro_f1": 0.6857142857142857
        },
        {
            "epoch": 5,
            "precision": 0.6869197612732095,
            "recall": 0.6863636363636363,
            "macro_f1": 0.6861301794723348
        }
    ],
    "test_metrics": {
        "precision": 0.5368303571428572,
        "recall": 0.5366666666666666,
        "macro_f1": 0.5361512791991101
    }
}