{
    "config": {
        "batch_size": 64,
        "classifier_lr": 1e-05,
        "dataset": "figlang-reddit",
        "dropout": 0.5,
        "epochs": 10,
        "model_lr": 5e-07,
        "model_name": "roberta-base",
        "output_dir": "./out",
        "pretrain_epochs": 20,
        "pretrain_lr": 5e-05,
        "temperature": 0.2
    },
    "pretrain_losses": [
        4.138351555793516,
        4.115989435103632,
        4.084971301017269,
        4.011706052287932,
        3.8808141062336583,
        3.7008400963198755,
        3.605604479389806,
        3.5372878043882308,
        3.507281695642779,
        3.4678104692889797,
        3.4711240030104116,
        3.452747752589564,
        3.4563429624803605,
        3.4540154703201784,
        3.446868400419912,
        3.443192881922568,
        3.445754643409483,
        3.443193701005751,
        3.4400126626414638,
        3.4426809049421743
    ],
    "finetune_losses": [
        0.4777838597374578,
        0.283465848334374,
        0.14842837988849608,
        0.09155183441696628,
        0.06395871823112811,
        0.05011087656021118
    ],
    "validation_metrics": [
        {
            "epoch": 1,
            "precision": 0.7034877678701337,
            "recall": 0.7022727272727274,
            "macro_f1": 0.7018276249152919
        },
        {
            "epoch": 2,
            "precision": 0.7029814849370737,
            "recall": 0.7022727272727273,
            "macro_f1": 0.7020126039776458
        },
        {
            "epoch": 3,
            "precision": 0.7001488710611199,
            "recall": 0.7,
            "macro_f1": 0.6999442045008369
        },
        {
            "epoch": 4,
            "precision": 0.7049689440993789,
            "recall": 0.7045454545454546,
            "macro_f1": 0.7043927648578812
        },
        {
            "epoch": 5,
            "precision": 0.7049689440993789,
            "recall": 0.7045454545454546,
            "macro_f1": 0.7043927648578812
        },
        {
            "epoch": 6,
            "precision": 0.7049689440993789,
            "recall": 0.7045454545454546,
            "macro_f1": 0.7043927648578812
        }
    ],
    "test_metrics": {
        "precision": 0.5642932137562573,
        "recall": 0.5605555555555556,
        "macro_f1": 0.5540746359669906
    }
}