{
    "config": {
        "model_name": "roberta-base",
        "dataset": "figlang-twitter",
        "output_dir": "./out",
        "batch_size": 64,
        "pretrain_epochs": 20,
        "epochs": 10,
        "pretrain_lr": 5e-05,
        "classifier_lr": 3e-05,
        "model_lr": 5e-07,
        "dropout": 0.2,
        "temperature": 0.15
    },
    "pretrain_losses": [
        4.072108644834707,
        3.9942365935151005,
        3.9014419300455443,
        3.780646414823935,
        3.6090710398177026,
        3.543468515637895,
        3.5013547648846264,
        3.504112962266089,
        3.4583803062707608,
        3.455368357644954,
        3.458851280346723,
        3.4442494822220064,
        3.4378336181103344,
        3.4390524138867016,
        3.4360560296286997,
        3.4364391447792593,
        3.433264561102424,
        3.4317270702039693,
        3.4349364898574186,
        3.4298744403140646
    ],
    "finetune_losses": [
        0.5438026177211547,
        0.20487630734561194,
        0.10057365862836301,
        0.059565101710843366,
        0.03954606907258571,
        0.029815371397515417
    ],
    "validation_metrics": [
        {
            "epoch": 1,
            "precision": 0.8454545454545455,
            "recall": 0.8420000000000001,
            "macro_f1": 0.8416040100250627
        },
        {
            "epoch": 2,
            "precision": 0.8547738367472713,
            "recall": 0.8500000000000001,
            "macro_f1": 0.8494936967960218
        },
        {
            "epoch": 3,
            "precision": 0.8507159442724458,
            "recall": 0.8480000000000001,
            "macro_f1": 0.8477051571843088
        },
        {
            "epoch": 4,
            "precision": 0.8552742070925652,
            "recall": 0.8520000000000001,
            "macro_f1": 0.8516582205401244
        },
        {
            "epoch": 5,
            "precision": 0.8530844155844156,
            "recall": 0.8480000000000001,
            "macro_f1": 0.8474508229626656
        },
        {
            "epoch": 6,
            "precision": 0.8547738367472713,
            "recall": 0.8500000000000001,
            "macro_f1": 0.8494936967960218
        }
    ],
    "test_metrics": {
        "precision": 0.731696014828545,
        "recall": 0.7250000000000001,
        "macro_f1": 0.7229986653572058
    }
}