{
    "config": {
        "batch_size": 64,
        "classifier_lr": 1e-05,
        "dataset": "figlang-reddit",
        "dropout": 0.1,
        "epochs": 10,
        "model_lr": 1e-06,
        "model_name": "roberta-base",
        "output_dir": "./out",
        "pretrain_epochs": 20,
        "pretrain_lr": 5e-05,
        "temperature": 0.07
    },
    "pretrain_losses": [
        4.141005831380045,
        4.140498568934779,
        4.140641027881253,
        4.1401351036564,
        4.140635082798619,
        4.1405591195629485,
        4.139937593090918,
        4.136103022483088,
        4.117890427189488,
        4.068907953077747,
        3.968448369733749,
        3.759164894780805,
        3.612433887297107,
        3.5054723947278914,
        3.476806409897343,
        3.470782276122801,
        3.4546688333634408,
        3.4507310198199366,
        3.4529273817616124,
        3.454158863713664
    ],
    "finetune_losses": [
        0.5168042740514202,
        0.28259993921364507,
        0.14639512581690664,
        0.08101856035570945,
        0.05197005508647811
    ],
    "validation_metrics": [
        {
            "epoch": 1,
            "precision": 0.6608903020667727,
            "recall": 0.6568181818181817,
            "macro_f1": 0.6546328784925277
        },
        {
            "epoch": 2,
            "precision": 0.6661872141393654,
            "recall": 0.665909090909091,
            "macro_f1": 0.6657692526315246
        },
        {
            "epoch": 3,
            "precision": 0.6750325473745118,
            "recall": 0.675,
            "macro_f1": 0.6749848908265363
        },
        {
            "epoch": 4,
            "precision": 0.6681818181818182,
            "recall": 0.6681818181818182,
            "macro_f1": 0.6681818181818182
        },
        {
            "epoch": 5,
            "precision": 0.6681818181818182,
            "recall": 0.6681818181818182,
            "macro_f1": 0.6681818181818182
        }
    ],
    "test_metrics": {
        "precision": 0.5583917250583916,
        "recall": 0.5544444444444444,
        "macro_f1": 0.5467851128516371
    }
}