{
    "config": {
        "model_name": "roberta-base",
        "dataset": "figlang-twitter",
        "output_dir": "./out",
        "batch_size": 64,
        "pretrain_epochs": 20,
        "epochs": 10,
        "pretrain_lr": 5e-05,
        "classifier_lr": 2e-05,
        "model_lr": 5e-07,
        "dropout": 0.1,
        "temperature": 0.2
    },
    "pretrain_losses": [
        4.060349951327686,
        3.9610362623778865,
        3.820979699282579,
        3.677447997348409,
        3.5574853991118953,
        3.523794352168768,
        3.472088807065722,
        3.480845723353641,
        3.4650640386930656,
        3.448162686656898,
        3.4394376647304483,
        3.4353244371817144,
        3.446553885097235,
        3.4330362837079544,
        3.4329309060539996,
        3.4300470620813504,
        3.4300367731443595,
        3.431713067309957,
        3.4296501186532034,
        3.4299589916014335
    ],
    "finetune_losses": [
        0.28558921394213826,
        0.10997606562057012,
        0.05978363862549755,
        0.039313668175272536,
        0.02923120689434065
    ],
    "validation_metrics": [
        {
            "epoch": 1,
            "precision": 0.8520333445984003,
            "recall": 0.8500000000000001,
            "macro_f1": 0.8497830867773064
        },
        {
            "epoch": 2,
            "precision": 0.8472501003613007,
            "recall": 0.846,
            "macro_f1": 0.8458612751476329
        },
        {
            "epoch": 3,
            "precision": 0.852202868852459,
            "recall": 0.852,
            "macro_f1": 0.85197868493063
        },
        {
            "epoch": 4,
            "precision": 0.850274615298394,
            "recall": 0.85,
            "macro_f1": 0.8499705942364704
        },
        {
            "epoch": 5,
            "precision": 0.8504541886284624,
            "recall": 0.85,
            "macro_f1": 0.8499513842484965
        }
    ],
    "test_metrics": {
        "precision": 0.7305033369342374,
        "recall": 0.7294444444444445,
        "macro_f1": 0.7291333658192016
    }
}