{
    "config": {
        "model_name": "roberta-base",
        "dataset": "figlang-reddit",
        "output_dir": "./out",
        "batch_size": 64,
        "epochs": 5,
        "pretrain_epochs": 10,
        "lr": 1e-05,
        "model_lr": 2e-06,
        "dropout": 0.3,
        "temperature": 0.07
    },
    "pretrain_losses": [
        4.140710061596286,
        4.132696628570557,
        4.101278881872854,
        4.042528525475533,
        3.950137472921802,
        3.82915259176685,
        3.7054342762116463,
        3.600854666002335,
        3.5934729153110134,
        3.5475814765499485
    ],
    "finetune_losses": [
        0.5032155186899246,
        0.13763923552488128,
        0.042901900596916676,
        0.02668443570033677,
        0.019539320097875693
    ],
    "validation_metrics": [
        {
            "epoch": 1,
            "precision": 0.699213139324299,
            "recall": 0.6977272727272728,
            "macro_f1": 0.6971625810524791
        },
        {
            "epoch": 2,
            "precision": 0.7055809757040665,
            "recall": 0.6977272727272728,
            "macro_f1": 0.694812543350491
        },
        {
            "epoch": 3,
            "precision": 0.7055809757040665,
            "recall": 0.6977272727272728,
            "macro_f1": 0.694812543350491
        },
        {
            "epoch": 4,
            "precision": 0.700750980680078,
            "recall": 0.6977272727272728,
            "macro_f1": 0.6965847639095561
        },
        {
            "epoch": 5,
            "precision": 0.694545732439573,
            "recall": 0.6840909090909091,
            "macro_f1": 0.6797888994183215
        }
    ],
    "test_metrics": {
        "precision": 0.5711667569371843,
        "recall": 0.5627777777777778,
        "macro_f1": 0.5495018475003649
    }
}