{
    "config": {
        "batch_size": 64,
        "classifier_lr": 3e-05,
        "dataset": "figlang-reddit",
        "dropout": 0.1,
        "epochs": 10,
        "model_lr": 5e-07,
        "model_name": "roberta-base",
        "output_dir": "./out",
        "pretrain_epochs": 20,
        "pretrain_lr": 5e-05,
        "temperature": 0.07
    },
    "pretrain_losses": [
        4.135539262525497,
        4.114055133634998,
        4.054947768488238,
        3.9425660371780396,
        3.790860902878546,
        3.627185902287883,
        3.568691838172174,
        3.511365521338678,
        3.5113792919343516,
        3.475732926399477,
        3.45524101872598,
        3.455222652804467,
        3.4572564132751955,
        3.448776606590517,
        3.450371838385059,
        3.4409319969915573,
        3.442628429782006,
        3.4448633424697386,
        3.444633595405086,
        3.440700054168701
    ],
    "finetune_losses": [
        0.6681075067289414,
        0.38244892368393557,
        0.1868923513158675,
        0.09033578742415674,
        0.05213783338906303
    ],
    "validation_metrics": [
        {
            "epoch": 1,
            "precision": 0.7073794775114463,
            "recall": 0.6909090909090909,
            "macro_f1": 0.6846476527751428
        },
        {
            "epoch": 2,
            "precision": 0.699213139324299,
            "recall": 0.6977272727272728,
            "macro_f1": 0.6971625810524791
        },
        {
            "epoch": 3,
            "precision": 0.7023103469653448,
            "recall": 0.7022727272727273,
            "macro_f1": 0.7022588860019319
        },
        {
            "epoch": 4,
            "precision": 0.6936659831396674,
            "recall": 0.6931818181818181,
            "macro_f1": 0.692989936892376
        },
        {
            "epoch": 5,
            "precision": 0.6936659831396674,
            "recall": 0.6931818181818181,
            "macro_f1": 0.692989936892376
        }
    ],
    "test_metrics": {
        "precision": 0.5711323302469136,
        "recall": 0.5655555555555556,
        "macro_f1": 0.5568702117049731
    }
}