{
    "config": {
        "batch_size": 64,
        "classifier_lr": 1e-05,
        "dataset": "figlang-reddit",
        "dropout": 0.5,
        "epochs": 10,
        "model_lr": 1e-06,
        "model_name": "roberta-base",
        "output_dir": "./out",
        "pretrain_epochs": 20,
        "pretrain_lr": 1e-05,
        "temperature": 0.2
    },
    "pretrain_losses": [
        4.140996717637585,
        4.132396190397201,
        4.101184687306804,
        4.035839076965086,
        3.9535290002822876,
        3.8297000085153887,
        3.7314234010634886,
        3.633912194159723,
        3.5885668493086293,
        3.53344924219193,
        3.509071300106664,
        3.5085663757016583,
        3.4843268894380137,
        3.489972106872066,
        3.4802662864808114,
        3.4732520695655578,
        3.476880669593811,
        3.4683625082815848,
        3.468257842525359,
        3.46597320418204
    ],
    "finetune_losses": [
        0.580303136379488,
        0.3464933359815228,
        0.11689130391084379,
        0.04679626244450769,
        0.04006858395352479,
        0.028547574856108236,
        0.02425367554890052,
        0.021704814501947934
    ],
    "validation_metrics": [
        {
            "epoch": 1,
            "precision": 0.7511415525114156,
            "recall": 0.5045454545454545,
            "macro_f1": 0.34335551356827954
        },
        {
            "epoch": 2,
            "precision": 0.6911041339612769,
            "recall": 0.6886363636363637,
            "macro_f1": 0.6876279310791553
        },
        {
            "epoch": 3,
            "precision": 0.6705640767747884,
            "recall": 0.6681818181818182,
            "macro_f1": 0.6670191370695195
        },
        {
            "epoch": 4,
            "precision": 0.6892973398851361,
            "recall": 0.6886363636363636,
            "macro_f1": 0.6883643262972325
        },
        {
            "epoch": 5,
            "precision": 0.7000661375661376,
            "recall": 0.7,
            "macro_f1": 0.6999752045623606
        },
        {
            "epoch": 6,
            "precision": 0.7092465470184435,
            "recall": 0.7090909090909091,
            "macro_f1": 0.7090368043644479
        },
        {
            "epoch": 7,
            "precision": 0.695470700057856,
            "recall": 0.6954545454545454,
            "macro_f1": 0.6954482530630798
        },
        {
            "epoch": 8,
            "precision": 0.7068566468971503,
            "recall": 0.7068181818181818,
            "macro_f1": 0.7068045518644979
        }
    ],
    "test_metrics": {
        "precision": 0.5745255208505846,
        "recall": 0.5694444444444444,
        "macro_f1": 0.561978475716495
    }
}