{
    "config": {
        "batch_size": 64,
        "classifier_lr": 1e-05,
        "dataset": "figlang-reddit",
        "dropout": 0.5,
        "epochs": 10,
        "model_lr": 1e-06,
        "model_name": "roberta-base",
        "output_dir": "./out",
        "pretrain_epochs": 20,
        "pretrain_lr": 1e-05,
        "temperature": 0.5
    },
    "pretrain_losses": [
        4.14306047654921,
        4.13406761230961,
        4.098974754733424,
        4.039337615812978,
        3.9410974825582197,
        3.8353980279737905,
        3.723190007671233,
        3.683966636657715,
        3.6253706908995107,
        3.5881460251346713,
        3.5569446240701983,
        3.563095235055493,
        3.5355327898456204,
        3.5499399631254134,
        3.5299112335328133,
        3.521951110132279,
        3.5160192866479196,
        3.514835969094307,
        3.514899580709396,
        3.514469258246883
    ],
    "finetune_losses": [
        0.4658684499802128,
        0.3019796242156336,
        0.20686029017932953,
        0.13053222745656967,
        0.06724016398431794
    ],
    "validation_metrics": [
        {
            "epoch": 1,
            "precision": 0.6875927443467476,
            "recall": 0.675,
            "macro_f1": 0.6694527478185037
        },
        {
            "epoch": 2,
            "precision": 0.693412814135003,
            "recall": 0.6863636363636364,
            "macro_f1": 0.6834796388581914
        },
        {
            "epoch": 3,
            "precision": 0.7058495763157342,
            "recall": 0.7022727272727273,
            "macro_f1": 0.7009737547922534
        },
        {
            "epoch": 4,
            "precision": 0.684277470993361,
            "recall": 0.6840909090909091,
            "macro_f1": 0.6840109325190776
        },
        {
            "epoch": 5,
            "precision": 0.6946335269260393,
            "recall": 0.6931818181818181,
            "macro_f1": 0.6926086349028924
        }
    ],
    "test_metrics": {
        "precision": 0.575,
        "recall": 0.5666666666666667,
        "macro_f1": 0.5542857142857143
    }
}