{
    "config": {
        "model_name": "roberta-base",
        "dataset": "figlang-twitter",
        "output_dir": "./out",
        "batch_size": 64,
        "pretrain_epochs": 20,
        "epochs": 10,
        "pretrain_lr": 5e-05,
        "classifier_lr": 3e-05,
        "model_lr": 5e-07,
        "dropout": 0.1,
        "temperature": 0.2
    },
    "pretrain_losses": [
        4.060807997072247,
        3.9669735633151633,
        3.796218922440435,
        3.6481239963585224,
        3.568460672674045,
        3.510518799365406,
        3.493684432875942,
        3.4849978635008907,
        3.470359617555645,
        3.443593105799715,
        3.4416001447489566,
        3.4397178871530882,
        3.4366059974885323,
        3.434050506269428,
        3.4332949577922554,
        3.4307641647231413,
        3.434783952336916,
        3.4341063130069784,
        3.431797998052248,
        3.4329001836373774
    ],
    "finetune_losses": [
        0.4699872379571619,
        0.18214584635177128,
        0.0666263485983224,
        0.03715137804163174,
        0.02537926538309581,
        0.020528254859988958
    ],
    "validation_metrics": [
        {
            "epoch": 1,
            "precision": 0.8407851690294439,
            "recall": 0.84,
            "macro_f1": 0.8399077868852459
        },
        {
            "epoch": 2,
            "precision": 0.8570218327927579,
            "recall": 0.8540000000000001,
            "macro_f1": 0.8536904089052435
        },
        {
            "epoch": 3,
            "precision": 0.8565155738893633,
            "recall": 0.8540000000000001,
            "macro_f1": 0.8537420008895692
        },
        {
            "epoch": 4,
            "precision": 0.8556445001687805,
            "recall": 0.854,
            "macro_f1": 0.8538310286691415
        },
        {
            "epoch": 5,
            "precision": 0.8534477218687745,
            "recall": 0.852,
            "macro_f1": 0.8518482926516753
        },
        {
            "epoch": 6,
            "precision": 0.851264552388599,
            "recall": 0.85,
            "macro_f1": 0.8498648783905515
        }
    ],
    "test_metrics": {
        "precision": 0.7333794468625929,
        "recall": 0.7305555555555556,
        "macro_f1": 0.7297380130450167
    }
}