{
    "config": {
        "model_name": "roberta-base",
        "dataset": "figlang-reddit",
        "output_dir": "./out",
        "batch_size": 64,
        "epochs": 5,
        "pretrain_epochs": 10,
        "lr": 1e-05,
        "model_lr": 5e-07,
        "dropout": 0.3,
        "temperature": 0.07
    },
    "pretrain_losses": [
        4.140777472526796,
        4.132370906491434,
        4.103176174625274,
        4.053132022580793,
        3.9470082944439304,
        3.8432216298195625,
        3.71113181883289,
        3.617928162697823,
        3.5726536435465657,
        3.5449127766393844
    ],
    "finetune_losses": [
        0.6065575768870692,
        0.44134081755914994,
        0.26660500923472064,
        0.1126864614385751,
        0.05726249948624642
    ],
    "validation_metrics": [
        {
            "epoch": 1,
            "precision": 0.25,
            "recall": 0.5,
            "macro_f1": 0.3333333333333333
        },
        {
            "epoch": 2,
            "precision": 0.6953992361666222,
            "recall": 0.6818181818181819,
            "macro_f1": 0.6761916777055867
        },
        {
            "epoch": 3,
            "precision": 0.6909237151807637,
            "recall": 0.6863636363636364,
            "macro_f1": 0.6844796408305793
        },
        {
            "epoch": 4,
            "precision": 0.6954237034183095,
            "recall": 0.6886363636363637,
            "macro_f1": 0.6859091595933702
        },
        {
            "epoch": 5,
            "precision": 0.6772873791222416,
            "recall": 0.6772727272727272,
            "macro_f1": 0.6772660592160995
        }
    ],
    "test_metrics": {
        "precision": 0.5677555562829367,
        "recall": 0.5638888888888889,
        "macro_f1": 0.557576848713513
    }
}