{
    "config": {
        "batch_size": 64,
        "classifier_lr": 1e-05,
        "dataset": "figlang-reddit",
        "dropout": 0.2,
        "epochs": 10,
        "model_lr": 5e-07,
        "model_name": "roberta-base",
        "output_dir": "./out",
        "pretrain_epochs": 20,
        "pretrain_lr": 1e-05,
        "temperature": 0.07
    },
    "pretrain_losses": [
        4.140729627301616,
        4.133083970315995,
        4.105999165965665,
        4.059955477714539,
        3.9909450930933796,
        3.8789919922428746,
        3.7640851774523334,
        3.6997223784846645,
        3.587163625224944,
        3.5573673402109454,
        3.538201266719449,
        3.498445153236389,
        3.4935758806044057,
        3.488590375069649,
        3.479675973615339,
        3.486181386055485,
        3.475104558852411,
        3.471088247914468,
        3.4677648775039183,
        3.4657357892682477
    ],
    "finetune_losses": [
        0.6374863078517299,
        0.4732917850056002,
        0.34791161119937897,
        0.23672343934735945,
        0.13224228892114856
    ],
    "validation_metrics": [
        {
            "epoch": 1,
            "precision": 0.25,
            "recall": 0.5,
            "macro_f1": 0.3333333333333333
        },
        {
            "epoch": 2,
            "precision": 0.7164502164502164,
            "recall": 0.6818181818181819,
            "macro_f1": 0.6685606060606061
        },
        {
            "epoch": 3,
            "precision": 0.7155209131953317,
            "recall": 0.709090909090909,
            "macro_f1": 0.7069048065113761
        },
        {
            "epoch": 4,
            "precision": 0.702020202020202,
            "recall": 0.7,
            "macro_f1": 0.6992481203007519
        },
        {
            "epoch": 5,
            "precision": 0.7034877678701337,
            "recall": 0.7022727272727274,
            "macro_f1": 0.7018276249152919
        }
    ],
    "test_metrics": {
        "precision": 0.5621555642809586,
        "recall": 0.5494444444444444,
        "macro_f1": 0.5251680761240339
    }
}