{
    "config": {
        "batch_size": 64,
        "classifier_lr": 1e-05,
        "dataset": "figlang-reddit",
        "dropout": 0.5,
        "epochs": 10,
        "model_lr": 5e-07,
        "model_name": "roberta-base",
        "output_dir": "./out",
        "pretrain_epochs": 20,
        "pretrain_lr": 3e-05,
        "temperature": 0.07
    },
    "pretrain_losses": [
        4.139897846406506,
        4.122040606314136,
        4.075383147885723,
        3.9710549885226833,
        3.7853970489194317,
        3.6349776483351186,
        3.547952955768954,
        3.513336500813884,
        3.493355908701497,
        3.461397728612346,
        3.4810271070849512,
        3.459796855526586,
        3.4490069727743826,
        3.449144074993749,
        3.446836636912438,
        3.448624710882864,
        3.4435874108345277,
        3.450682547784621,
        3.4437468244183447,
        3.4450997306454565
    ],
    "finetune_losses": [
        0.6977828289231947,
        0.516541715110502,
        0.3027016321016896,
        0.165163739794685,
        0.10546829022707478
    ],
    "validation_metrics": [
        {
            "epoch": 1,
            "precision": 0.25,
            "recall": 0.5,
            "macro_f1": 0.3333333333333333
        },
        {
            "epoch": 2,
            "precision": 0.7045623605256632,
            "recall": 0.7045454545454546,
            "macro_f1": 0.70453934998657
        },
        {
            "epoch": 3,
            "precision": 0.7205684754521964,
            "recall": 0.7204545454545455,
            "macro_f1": 0.7204184424641611
        },
        {
            "epoch": 4,
            "precision": 0.7186335403726708,
            "recall": 0.7181818181818183,
            "macro_f1": 0.7180361757105943
        },
        {
            "epoch": 5,
            "precision": 0.7118933697881067,
            "recall": 0.7113636363636364,
            "macro_f1": 0.7111831258172722
        }
    ],
    "test_metrics": {
        "precision": 0.6065781663159031,
        "recall": 0.5877777777777777,
        "macro_f1": 0.5687600981041718
    }
}