{
    "config": {
        "model_name": "roberta-base",
        "dataset": "figlang-twitter",
        "output_dir": "./out",
        "batch_size": 64,
        "pretrain_epochs": 20,
        "epochs": 10,
        "pretrain_lr": 5e-05,
        "classifier_lr": 3e-05,
        "model_lr": 5e-07,
        "dropout": 0.1,
        "temperature": 0.07
    },
    "pretrain_losses": [
        4.074426593914838,
        3.9873126896334368,
        3.8501025455098756,
        3.674347054790443,
        3.5799953232348805,
        3.521157184117277,
        3.52451371139204,
        3.4843931399600607,
        3.478331431536607,
        3.4677406633403938,
        3.4673343645015233,
        3.464535723269825,
        3.4756755660957013,
        3.4597289427905014,
        3.450843562542553,
        3.4453759865022042,
        3.438855812583171,
        3.444311669175054,
        3.4702235980772635,
        3.4632352808831444
    ],
    "finetune_losses": [
        0.5634676889634468,
        0.3306832424771618,
        0.17999938822967906
    ],
    "validation_metrics": [
        {
            "epoch": 1,
            "precision": 0.8622249923103075,
            "recall": 0.8580000000000001,
            "macro_f1": 0.8575847170348736
        },
        {
            "epoch": 2,
            "precision": 0.8403485168812865,
            "recall": 0.84,
            "macro_f1": 0.8399590295115549
        },
        {
            "epoch": 3,
            "precision": 0.8476073363231582,
            "recall": 0.8460000000000001,
            "macro_f1": 0.8458217699660808
        }
    ],
    "test_metrics": {
        "precision": 0.7406634154768998,
        "recall": 0.7338888888888889,
        "macro_f1": 0.7320029006598597
    }
}