{
    "config": {
        "batch_size": 64,
        "classifier_lr": 1e-05,
        "dataset": "figlang-reddit",
        "dropout": 0.1,
        "epochs": 10,
        "model_lr": 1e-06,
        "model_name": "roberta-base",
        "output_dir": "./out",
        "pretrain_epochs": 20,
        "pretrain_lr": 3e-05,
        "temperature": 0.07
    },
    "pretrain_losses": [
        4.139987810965507,
        4.134382778598416,
        4.114080563668282,
        4.065328971032174,
        3.9701871564311366,
        3.7784722735804896,
        3.6384396091584237,
        3.549886030535544,
        3.4951251283768685,
        3.459505158085977,
        3.4553713452431465,
        3.4643344186967417,
        3.4707198758279123,
        3.4499772710184895,
        3.446609208660741,
        3.4469109389089767,
        3.443078548677506,
        3.4475934582371868,
        3.4460387922102407,
        3.4416574508913103
    ],
    "finetune_losses": [
        0.5952165530573937,
        0.2948669264874151,
        0.1351471534900127,
        0.07816449216296596
    ],
    "validation_metrics": [
        {
            "epoch": 1,
            "precision": 0.6765876838117254,
            "recall": 0.6704545454545454,
            "macro_f1": 0.6675680886207203
        },
        {
            "epoch": 2,
            "precision": 0.695470700057856,
            "recall": 0.6954545454545454,
            "macro_f1": 0.6954482530630798
        },
        {
            "epoch": 3,
            "precision": 0.6886714471699282,
            "recall": 0.6886363636363636,
            "macro_f1": 0.6886218884142341
        },
        {
            "epoch": 4,
            "precision": 0.6909248698239523,
            "recall": 0.6909090909090909,
            "macro_f1": 0.6909027046013347
        }
    ],
    "test_metrics": {
        "precision": 0.5427431610942249,
        "recall": 0.54,
        "macro_f1": 0.5324992095397263
    }
}