{
    "config": {
        "batch_size": 64,
        "classifier_lr": 1e-05,
        "dataset": "figlang-reddit",
        "dropout": 0.5,
        "epochs": 10,
        "model_lr": 1e-06,
        "model_name": "roberta-base",
        "output_dir": "./out",
        "pretrain_epochs": 20,
        "pretrain_lr": 5e-05,
        "temperature": 0.07
    },
    "pretrain_losses": [
        4.134883534523748,
        4.110706602373431,
        4.0518600286975985,
        3.9229025148576304,
        3.735532122273599,
        3.6206864464667534,
        3.5591192283938007,
        3.519570965920725,
        3.4735648362867293,
        3.4642919148168256,
        3.4866890330468454,
        3.4543820273491646,
        3.444362824962985,
        3.442925733904685,
        3.4545511353400444,
        3.4466113775007186,
        3.4442521449058288,
        3.441948817622277,
        3.443770154829948,
        3.4440886397515573
    ],
    "finetune_losses": [
        0.724420960872404,
        0.5490615872606155,
        0.3636812908995536,
        0.2134389377409412,
        0.09997540982740541,
        0.044158891173860716,
        0.026936867003959995
    ],
    "validation_metrics": [
        {
            "epoch": 1,
            "precision": 0.25,
            "recall": 0.5,
            "macro_f1": 0.3333333333333333
        },
        {
            "epoch": 2,
            "precision": 0.7077531291014437,
            "recall": 0.634090909090909,
            "macro_f1": 0.5985014650955854
        },
        {
            "epoch": 3,
            "precision": 0.7243529090182721,
            "recall": 0.7204545454545455,
            "macro_f1": 0.7192348995377649
        },
        {
            "epoch": 4,
            "precision": 0.7210070631123263,
            "recall": 0.7204545454545455,
            "macro_f1": 0.7202797202797203
        },
        {
            "epoch": 5,
            "precision": 0.7230221780867263,
            "recall": 0.7227272727272728,
            "macro_f1": 0.722635582010582
        },
        {
            "epoch": 6,
            "precision": 0.7188328912466844,
            "recall": 0.7181818181818183,
            "macro_f1": 0.7179720453229674
        },
        {
            "epoch": 7,
            "precision": 0.7190689569330346,
            "recall": 0.7181818181818183,
            "macro_f1": 0.7178962172447312
        }
    ],
    "test_metrics": {
        "precision": 0.5711702882633233,
        "recall": 0.565,
        "macro_f1": 0.5553627623411757
    }
}