{
    "config": {
        "batch_size": 64,
        "classifier_lr": 3e-05,
        "dataset": "figlang-reddit",
        "dropout": 0.1,
        "epochs": 10,
        "model_lr": 5e-07,
        "model_name": "roberta-base",
        "output_dir": "./out",
        "pretrain_epochs": 20,
        "pretrain_lr": 5e-05,
        "temperature": 0.5
    },
    "pretrain_losses": [
        4.140699501960508,
        4.141170094090123,
        4.141799496066186,
        4.134294871361025,
        4.141183483985163,
        4.142242031712686,
        4.142439796078589,
        4.136161681144468,
        4.125787881112868,
        4.140863414733641,
        4.126575985262471,
        4.033118744050303,
        3.8963351480422483,
        3.758582019036816,
        3.6581731496318692,
        3.609568991968709,
        3.579193957390324,
        3.5679359666762815,
        3.5622354169045725,
        3.5538701165106987
    ],
    "finetune_losses": [
        0.8470762612358216,
        0.4906293422945084,
        0.3276635141622636,
        0.23437135185926192,
        0.1765172086175411
    ],
    "validation_metrics": [
        {
            "epoch": 1,
            "precision": 0.25,
            "recall": 0.5,
            "macro_f1": 0.3333333333333333
        },
        {
            "epoch": 2,
            "precision": 0.661929049781261,
            "recall": 0.6613636363636364,
            "macro_f1": 0.6610677709364062
        },
        {
            "epoch": 3,
            "precision": 0.6864992150706437,
            "recall": 0.6840909090909091,
            "macro_f1": 0.6830677548905298
        },
        {
            "epoch": 4,
            "precision": 0.6827204104375617,
            "recall": 0.6795454545454546,
            "macro_f1": 0.6781473238603645
        },
        {
            "epoch": 5,
            "precision": 0.6831826134614979,
            "recall": 0.6795454545454546,
            "macro_f1": 0.6779468331957703
        }
    ],
    "test_metrics": {
        "precision": 0.547223712133579,
        "recall": 0.54,
        "macro_f1": 0.5217092156339215
    }
}