{
    "config": {
        "batch_size": 64,
        "classifier_lr": 1e-05,
        "dataset": "figlang-reddit",
        "dropout": 0.1,
        "epochs": 10,
        "model_lr": 1e-06,
        "model_name": "roberta-base",
        "output_dir": "./out",
        "pretrain_epochs": 20,
        "pretrain_lr": 1e-05,
        "temperature": 0.07
    },
    "pretrain_losses": [
        4.14072306694523,
        4.1327497036226335,
        4.1057273841673325,
        4.054405793066947,
        3.964912668351204,
        3.8571990613014466,
        3.7568528344554286,
        3.652227509406305,
        3.6067635282393424,
        3.5628253798330984,
        3.540481205909483,
        3.5106571259037143,
        3.487651167377349,
        3.4901971355561288,
        3.4748725583476405,
        3.4759024112455306,
        3.478750732637221,
        3.466162893079942,
        3.467693617266993,
        3.4723242713559057
    ],
    "finetune_losses": [
        0.4840704885221297,
        0.23241358166260104,
        0.06108564703214553
    ],
    "validation_metrics": [
        {
            "epoch": 1,
            "precision": 0.7167088826827737,
            "recall": 0.7068181818181818,
            "macro_f1": 0.7034343307679045
        },
        {
            "epoch": 2,
            "precision": 0.700750980680078,
            "recall": 0.6977272727272728,
            "macro_f1": 0.6965847639095561
        },
        {
            "epoch": 3,
            "precision": 0.7016666666666667,
            "recall": 0.7,
            "macro_f1": 0.6993788819875777
        }
    ],
    "test_metrics": {
        "precision": 0.5544969817712286,
        "recall": 0.5394444444444444,
        "macro_f1": 0.5052831791307877
    }
}