{
    "config": {
        "model_name": "roberta-base",
        "dataset": "figlang-twitter",
        "output_dir": "./out",
        "batch_size": 64,
        "pretrain_epochs": 20,
        "epochs": 10,
        "pretrain_lr": 0.0001,
        "classifier_lr": 3e-05,
        "model_lr": 5e-07,
        "dropout": 0.1,
        "temperature": 0.15
    },
    "pretrain_losses": [
        4.085087084434401,
        4.078294854768565,
        4.074513640202267,
        3.995470641364514,
        3.8490046783232352,
        3.718323163583245,
        3.6200117258958415,
        3.5303773947165045,
        3.50870187181822,
        3.500308614381602,
        3.465853106807655,
        3.4503948117645695,
        3.450313840113895,
        3.4440410741617984,
        3.4445731740602303,
        3.442516844037553,
        3.440934809160904,
        3.4359230793697733,
        3.433371899833142,
        3.434653792582767
    ],
    "finetune_losses": [
        0.30429758656192835,
        0.13201426798608942,
        0.07483416323510694,
        0.04892465136420559,
        0.03521426360477024,
        0.028625973198615328,
        0.02508386237625505,
        0.020479771636531387,
        0.01877134739303253
    ],
    "validation_metrics": [
        {
            "epoch": 1,
            "precision": 0.8186168422065119,
            "recall": 0.8180000000000001,
            "macro_f1": 0.8179118693447629
        },
        {
            "epoch": 2,
            "precision": 0.8205128205128205,
            "recall": 0.8200000000000001,
            "macro_f1": 0.8199279711884754
        },
        {
            "epoch": 3,
            "precision": 0.8203280158882695,
            "recall": 0.8200000000000001,
            "macro_f1": 0.8199539082004993
        },
        {
            "epoch": 4,
            "precision": 0.8261304521808723,
            "recall": 0.826,
            "macro_f1": 0.8259825982598259
        },
        {
            "epoch": 5,
            "precision": 0.8261304521808723,
            "recall": 0.826,
            "macro_f1": 0.8259825982598259
        },
        {
            "epoch": 6,
            "precision": 0.8300475268438655,
            "recall": 0.83,
            "macro_f1": 0.829993879779672
        },
        {
            "epoch": 7,
            "precision": 0.8300052800844814,
            "recall": 0.83,
            "macro_f1": 0.8299993199972799
        },
        {
            "epoch": 8,
            "precision": 0.8300052800844814,
            "recall": 0.83,
            "macro_f1": 0.8299993199972799
        },
        {
            "epoch": 9,
            "precision": 0.8300052800844814,
            "recall": 0.83,
            "macro_f1": 0.8299993199972799
        }
    ],
    "test_metrics": {
        "precision": 0.6977165135059872,
        "recall": 0.6972222222222222,
        "macro_f1": 0.6970328677645751
    }
}