{
    "config": {
        "batch_size": 64,
        "classifier_lr": 1e-05,
        "dataset": "figlang-reddit",
        "dropout": 0.5,
        "epochs": 10,
        "model_lr": 5e-07,
        "model_name": "roberta-base",
        "output_dir": "./out",
        "pretrain_epochs": 20,
        "pretrain_lr": 1e-05,
        "temperature": 0.2
    },
    "pretrain_losses": [
        4.140605326621763,
        4.134956986673417,
        4.109855905655892,
        4.052225424397376,
        3.966519751856404,
        3.8358074234377955,
        3.716772863941808,
        3.628518139162371,
        3.586099293924147,
        3.5489417891348563,
        3.5384534020577707,
        3.5183916707192697,
        3.4895802274827035,
        3.4748159723897136,
        3.4739168074823197,
        3.4708872072158323,
        3.4631528854370117,
        3.464441760893791,
        3.459556983363244,
        3.4616920986483173
    ],
    "finetune_losses": [
        0.7395491849991583,
        0.5316058094463041,
        0.3485399792271276,
        0.26968319137250224
    ],
    "validation_metrics": [
        {
            "epoch": 1,
            "precision": 0.7517162471395882,
            "recall": 0.5068181818181818,
            "macro_f1": 0.3483083181467603
        },
        {
            "epoch": 2,
            "precision": 0.6901304986604442,
            "recall": 0.6818181818181819,
            "macro_f1": 0.6783021035700111
        },
        {
            "epoch": 3,
            "precision": 0.6748076279692204,
            "recall": 0.6727272727272727,
            "macro_f1": 0.6717506631299734
        },
        {
            "epoch": 4,
            "precision": 0.6774046811678107,
            "recall": 0.6772727272727272,
            "macro_f1": 0.6772127048418094
        }
    ],
    "test_metrics": {
        "precision": 0.5571214339693935,
        "recall": 0.5477777777777778,
        "macro_f1": 0.5284961821448984
    }
}