{
    "config": {
        "model_name": "roberta-base",
        "dataset": "figlang-reddit",
        "output_dir": "./out",
        "batch_size": 64,
        "epochs": 10,
        "pretrain_epochs": 20,
        "lr": 5e-05,
        "model_lr": 5e-07,
        "dropout": 0.3,
        "temperature": 0.07
    },
    "pretrain_losses": [
        4.1361407849096485,
        4.122120034310125,
        4.097666678890105,
        4.020475310664023,
        3.847715089398046,
        3.710942529862927,
        3.595133908333317,
        3.544484534571248,
        3.538975788700965,
        3.517471601886134,
        3.5069124737093524,
        3.4934975716375534,
        3.4882152657355032,
        3.490662859332177,
        3.4772678113752797,
        3.4791006119020524,
        3.4863618189288723,
        3.4777820764049405,
        3.47895267317372,
        3.463596590103642
    ],
    "finetune_losses": [
        0.5709485897133427,
        0.3167468583391559,
        0.1811693629189845,
        0.11250684866982122
    ],
    "validation_metrics": [
        {
            "epoch": 1,
            "precision": 0.707164883379209,
            "recall": 0.7068181818181818,
            "macro_f1": 0.7066954665950114
        },
        {
            "epoch": 2,
            "precision": 0.7097148541114058,
            "recall": 0.709090909090909,
            "macro_f1": 0.7088743693656439
        },
        {
            "epoch": 3,
            "precision": 0.6946335269260393,
            "recall": 0.6931818181818181,
            "macro_f1": 0.6926086349028924
        },
        {
            "epoch": 4,
            "precision": 0.6974288337924701,
            "recall": 0.6954545454545455,
            "macro_f1": 0.6946912736386421
        }
    ],
    "test_metrics": {
        "precision": 0.5820235107647602,
        "recall": 0.5766666666666667,
        "macro_f1": 0.5696401117002918
    }
}