{
    "config": {
        "batch_size": 64,
        "classifier_lr": 1e-05,
        "dataset": "figlang-reddit",
        "dropout": 0.2,
        "epochs": 10,
        "model_lr": 1e-06,
        "model_name": "roberta-base",
        "output_dir": "./out",
        "pretrain_epochs": 20,
        "pretrain_lr": 1e-05,
        "temperature": 0.5
    },
    "pretrain_losses": [
        4.142508445247527,
        4.129427998296676,
        4.095273917721164,
        4.04602115384994,
        3.9832877920519922,
        3.875949921146516,
        3.785808197913631,
        3.6956030822569326,
        3.6288259798480618,
        3.598507792718949,
        3.5813697730341265,
        3.5556974949375277,
        3.5429918266111806,
        3.54659213173774,
        3.5193186306184336,
        3.5143059607475036,
        3.51004022167575,
        3.507577553872139,
        3.5076968823709795,
        3.511568154058149
    ],
    "finetune_losses": [
        0.7083188766433347,
        0.5233096946631709,
        0.30327299669865637,
        0.15842003134950514,
        0.07232782665279604,
        0.054054186529209534,
        0.04754169711903218,
        0.04379325692031172,
        0.037829416804015636,
        0.04107248927316358
    ],
    "validation_metrics": [
        {
            "epoch": 1,
            "precision": 0.25,
            "recall": 0.5,
            "macro_f1": 0.3333333333333333
        },
        {
            "epoch": 2,
            "precision": 0.7176134263788343,
            "recall": 0.7068181818181818,
            "macro_f1": 0.7031365226805579
        },
        {
            "epoch": 3,
            "precision": 0.7045079484447787,
            "recall": 0.7022727272727273,
            "macro_f1": 0.7014569769670225
        },
        {
            "epoch": 4,
            "precision": 0.7141287284144427,
            "recall": 0.7113636363636364,
            "macro_f1": 0.7104288120222827
        },
        {
            "epoch": 5,
            "precision": 0.7077841203943954,
            "recall": 0.7068181818181818,
            "macro_f1": 0.7064770523594053
        },
        {
            "epoch": 6,
            "precision": 0.7228976697061804,
            "recall": 0.7181818181818183,
            "macro_f1": 0.7166832834828847
        },
        {
            "epoch": 7,
            "precision": 0.7133071998999145,
            "recall": 0.7113636363636364,
            "macro_f1": 0.710704652643677
        },
        {
            "epoch": 8,
            "precision": 0.7223157894736842,
            "recall": 0.7181818181818183,
            "macro_f1": 0.7168655941878568
        },
        {
            "epoch": 9,
            "precision": 0.7176842105263157,
            "recall": 0.7136363636363636,
            "macro_f1": 0.7122989102231447
        },
        {
            "epoch": 10,
            "precision": 0.7176842105263157,
            "recall": 0.7136363636363636,
            "macro_f1": 0.7122989102231447
        }
    ],
    "test_metrics": {
        "precision": 0.5795203606448587,
        "recall": 0.5772222222222223,
        "macro_f1": 0.5741454229026942
    }
}