{
    "config": {
        "model_name": "roberta-base",
        "dataset": "figlang-twitter",
        "output_dir": "./out",
        "batch_size": 64,
        "pretrain_epochs": 0,
        "epochs": 10,
        "pretrain_lr": 5e-05,
        "classifier_lr": 3e-05,
        "model_lr": 5e-07,
        "dropout": 0.1,
        "temperature": 0.2
    },
    "pretrain_losses": [],
    "finetune_losses": [
        0.6912070537956667,
        0.6836306712996791,
        0.6738741187982156,
        0.6522723822526528,
        0.602039808118847
    ],
    "validation_metrics": [
        {
            "epoch": 1,
            "precision": 0.7243953136810279,
            "recall": 0.652,
            "macro_f1": 0.6214692215318749
        },
        {
            "epoch": 2,
            "precision": 0.748015873015873,
            "recall": 0.7,
            "macro_f1": 0.6847414880201765
        },
        {
            "epoch": 3,
            "precision": 0.7588802450442924,
            "recall": 0.738,
            "macro_f1": 0.7326083140443911
        },
        {
            "epoch": 4,
            "precision": 0.7505356278941184,
            "recall": 0.732,
            "macro_f1": 0.7269496609285342
        },
        {
            "epoch": 5,
            "precision": 0.7351507418494708,
            "recall": 0.73,
            "macro_f1": 0.7285133390446082
        }
    ],
    "test_metrics": {
        "precision": 0.7046679220537662,
        "recall": 0.6861111111111111,
        "macro_f1": 0.6788311855234657
    }
}