{
    "config": {
        "model_name": "roberta-base",
        "dataset": "figlang-twitter",
        "output_dir": "./out",
        "batch_size": 64,
        "pretrain_epochs": 20,
        "epochs": 10,
        "pretrain_lr": 0.0001,
        "classifier_lr": 3e-05,
        "model_lr": 5e-07,
        "dropout": 0.2,
        "temperature": 0.25
    },
    "pretrain_losses": [
        4.1227779422007815,
        4.126964951904727,
        4.126549982688796,
        4.126551671766899,
        4.125899375324518,
        4.126551701988973,
        4.127040899975199,
        4.12655485851664,
        4.126556618112914,
        4.126555056639121,
        4.1265510639674226,
        4.126547873859674,
        4.126554683900215,
        4.126550610636322,
        4.126551826235274,
        4.126555405871969,
        4.12655389141029,
        4.126554720838305,
        4.126554126470861,
        4.126552044505805
    ],
    "finetune_losses": [
        0.7001738178897912,
        0.6955679101003728,
        0.6952095720129954
    ],
    "validation_metrics": [
        {
            "epoch": 1,
            "precision": 0.25,
            "recall": 0.5,
            "macro_f1": 0.3333333333333333
        },
        {
            "epoch": 2,
            "precision": 0.25,
            "recall": 0.5,
            "macro_f1": 0.3333333333333333
        },
        {
            "epoch": 3,
            "precision": 0.25,
            "recall": 0.5,
            "macro_f1": 0.3333333333333333
        }
    ],
    "test_metrics": {
        "precision": 0.25,
        "recall": 0.5,
        "macro_f1": 0.3333333333333333
    }
}