{
    "config": {
        "batch_size": 64,
        "classifier_lr": 3e-05,
        "dataset": "figlang-reddit",
        "dropout": 0.2,
        "epochs": 10,
        "model_lr": 1e-06,
        "model_name": "roberta-base",
        "output_dir": "./out",
        "pretrain_epochs": 20,
        "pretrain_lr": 1e-05,
        "temperature": 0.07
    },
    "pretrain_losses": [
        4.14092606113803,
        4.132589732446978,
        4.103036599774515,
        4.0518642740864905,
        3.9581758360708914,
        3.827394066318389,
        3.7120848009663243,
        3.6082614391080794,
        3.556907865308946,
        3.527728772932483,
        3.5124013962284213,
        3.5002148958944503,
        3.4813043109832273,
        3.4772784210020498,
        3.469605726580466,
        3.4694125460040186,
        3.4669164265355756,
        3.465433462973564,
        3.457555809328633,
        3.462873493471453
    ],
    "finetune_losses": [
        0.504928062039037,
        0.23005112741262682,
        0.07394052945798443,
        0.02501671122867734
    ],
    "validation_metrics": [
        {
            "epoch": 1,
            "precision": 0.6901304986604442,
            "recall": 0.6818181818181819,
            "macro_f1": 0.6783021035700111
        },
        {
            "epoch": 2,
            "precision": 0.7037894736842105,
            "recall": 0.7,
            "macro_f1": 0.6985988583290088
        },
        {
            "epoch": 3,
            "precision": 0.6938587215691153,
            "recall": 0.6931818181818182,
            "macro_f1": 0.6929137521907036
        },
        {
            "epoch": 4,
            "precision": 0.6919242273180459,
            "recall": 0.6909090909090909,
            "macro_f1": 0.69049983449189
        }
    ],
    "test_metrics": {
        "precision": 0.5613877031336149,
        "recall": 0.5533333333333333,
        "macro_f1": 0.5381852390318994
    }
}