{
    "config": {
        "batch_size": 64,
        "classifier_lr": 3e-05,
        "dataset": "figlang-reddit",
        "dropout": 0.2,
        "epochs": 10,
        "model_lr": 1e-06,
        "model_name": "roberta-base",
        "output_dir": "./out",
        "pretrain_epochs": 20,
        "pretrain_lr": 5e-05,
        "temperature": 0.5
    },
    "pretrain_losses": [
        4.1389156118515995,
        4.138208235463789,
        4.116113266637249,
        4.057709074789478,
        3.930594882657451,
        3.798336702008401,
        3.69382700227922,
        3.6031797393675773,
        3.5705175899690196,
        3.5318167709535166,
        3.535564218797991,
        3.5040471169256393,
        3.497496481864683,
        3.5017811136861003,
        3.4832361090567803,
        3.4865729654988935,
        3.48264786120384,
        3.487524870903261,
        3.4850445255156486,
        3.481574296951294
    ],
    "finetune_losses": [
        0.2007733823791627,
        0.05259207296635835,
        0.0298678430938913
    ],
    "validation_metrics": [
        {
            "epoch": 1,
            "precision": 0.6940524193548387,
            "recall": 0.6909090909090909,
            "macro_f1": 0.6896523110115343
        },
        {
            "epoch": 2,
            "precision": 0.6891091364775574,
            "recall": 0.6886363636363637,
            "macro_f1": 0.6884416396611519
        },
        {
            "epoch": 3,
            "precision": 0.684399511579296,
            "recall": 0.6840909090909091,
            "macro_f1": 0.6839586810597409
        }
    ],
    "test_metrics": {
        "precision": 0.6084309211623795,
        "recall": 0.6083333333333334,
        "macro_f1": 0.608245188500746
    }
}