{
    "config": {
        "batch_size": 64,
        "classifier_lr": 1e-05,
        "dataset": "figlang-reddit",
        "dropout": 0.2,
        "epochs": 10,
        "model_lr": 5e-07,
        "model_name": "roberta-base",
        "output_dir": "./out",
        "pretrain_epochs": 20,
        "pretrain_lr": 3e-05,
        "temperature": 0.5
    },
    "pretrain_losses": [
        4.14138094071419,
        4.138709960445281,
        4.137962256708453,
        4.134853770655971,
        4.11434474683577,
        4.085906617103085,
        4.009519342453249,
        3.876097975238677,
        3.7421989902373283,
        3.6643392693611885,
        3.603935276308367,
        3.553719009122541,
        3.546966721934657,
        3.528535823668203,
        3.5190662030250794,
        3.5186904553444154,
        3.5067488032002605,
        3.5126105354678248,
        3.5071229703964724,
        3.497576659725558
    ],
    "finetune_losses": [
        0.7012633863956698,
        0.6158190802220376,
        0.5419820345217182,
        0.4545887727891245,
        0.35195974524944057,
        0.27085557315618763,
        0.22777810308241075,
        0.19992404286899873,
        0.18154637587647285,
        0.1700472848549966
    ],
    "validation_metrics": [
        {
            "epoch": 1,
            "precision": 0.6896782027929569,
            "recall": 0.6613636363636364,
            "macro_f1": 0.6482360831656606
        },
        {
            "epoch": 2,
            "precision": 0.6950212507589557,
            "recall": 0.6659090909090909,
            "macro_f1": 0.6529577464788732
        },
        {
            "epoch": 3,
            "precision": 0.6915441944695967,
            "recall": 0.6704545454545454,
            "macro_f1": 0.6611267800139161
        },
        {
            "epoch": 4,
            "precision": 0.7029104324656692,
            "recall": 0.6840909090909091,
            "macro_f1": 0.6765920544019122
        },
        {
            "epoch": 5,
            "precision": 0.7109090909090909,
            "recall": 0.6977272727272728,
            "macro_f1": 0.692929292929293
        },
        {
            "epoch": 6,
            "precision": 0.7157575757575758,
            "recall": 0.7022727272727273,
            "macro_f1": 0.6975468975468975
        },
        {
            "epoch": 7,
            "precision": 0.7128307137111676,
            "recall": 0.7022727272727273,
            "macro_f1": 0.6985339881484736
        },
        {
            "epoch": 8,
            "precision": 0.7138968109929997,
            "recall": 0.7045454545454546,
            "macro_f1": 0.7012805247435817
        },
        {
            "epoch": 9,
            "precision": 0.7186500734595109,
            "recall": 0.709090909090909,
            "macro_f1": 0.7058762089782958
        },
        {
            "epoch": 10,
            "precision": 0.7130681818181819,
            "recall": 0.7045454545454546,
            "macro_f1": 0.7015610651974289
        }
    ],
    "test_metrics": {
        "precision": 0.5330240453338779,
        "recall": 0.5255555555555556,
        "macro_f1": 0.497123804638552
    }
}