{
    "config": {
        "model_name": "roberta-base",
        "dataset": "figlang-reddit",
        "output_dir": "./out",
        "batch_size": 64,
        "epochs": 10,
        "pretrain_epochs": 20,
        "lr": 3e-05,
        "model_lr": 1e-06,
        "dropout": 0.3,
        "temperature": 0.07
    },
    "pretrain_losses": [
        4.137921802459225,
        4.114332868206885,
        4.056440361084476,
        3.9335224897630754,
        3.737539452891196,
        3.626343746339121,
        3.543489694595337,
        3.5058491422284033,
        3.514329121958825,
        3.4843239130512362,
        3.47710645198822,
        3.5083467191265476,
        3.510353284497415,
        3.471178074036875,
        3.472970078068395,
        3.460593908063827,
        3.4692452299979424,
        3.468578807769283,
        3.4797248417331326,
        3.477963974398951
    ],
    "finetune_losses": [
        0.6911998919902309,
        0.2677561322287206,
        0.06503994774914557,
        0.02819367134643178,
        0.015795742296763966,
        0.0106933704922877,
        0.007105859011531838,
        0.006836481294744919
    ],
    "validation_metrics": [
        {
            "epoch": 1,
            "precision": 0.7019851116625311,
            "recall": 0.6681818181818182,
            "macro_f1": 0.6536927223719676
        },
        {
            "epoch": 2,
            "precision": 0.7037894736842105,
            "recall": 0.7,
            "macro_f1": 0.6985988583290088
        },
        {
            "epoch": 3,
            "precision": 0.7095238095238094,
            "recall": 0.7068181818181818,
            "macro_f1": 0.7058686358336572
        },
        {
            "epoch": 4,
            "precision": 0.7091036326794928,
            "recall": 0.7068181818181818,
            "macro_f1": 0.7060148857156177
        },
        {
            "epoch": 5,
            "precision": 0.7059239537399118,
            "recall": 0.7045454545454546,
            "macro_f1": 0.7040501666011301
        },
        {
            "epoch": 6,
            "precision": 0.7083723641208185,
            "recall": 0.7068181818181818,
            "macro_f1": 0.7062704733516526
        },
        {
            "epoch": 7,
            "precision": 0.7049689440993789,
            "recall": 0.7045454545454546,
            "macro_f1": 0.7043927648578812
        },
        {
            "epoch": 8,
            "precision": 0.6984201032530946,
            "recall": 0.6977272727272728,
            "macro_f1": 0.6974631780841747
        }
    ],
    "test_metrics": {
        "precision": 0.5794445425241266,
        "recall": 0.5794444444444444,
        "macro_f1": 0.579444314643307
    }
}