{
    "config": {
        "batch_size": 64,
        "classifier_lr": 1e-05,
        "dataset": "figlang-reddit",
        "dropout": 0.5,
        "epochs": 10,
        "model_lr": 5e-07,
        "model_name": "roberta-base",
        "output_dir": "./out",
        "pretrain_epochs": 20,
        "pretrain_lr": 1e-05,
        "temperature": 0.07
    },
    "pretrain_losses": [
        4.141050500254477,
        4.134699052379977,
        4.110454059416248,
        4.059682711478202,
        3.9872114619901105,
        3.8723001749284807,
        3.75502150289474,
        3.6396939100757724,
        3.588402928844575,
        3.5445432201508553,
        3.512746710931101,
        3.4970811451635053,
        3.487441532073482,
        3.475183936857408,
        3.464130393920406,
        3.468372514170985,
        3.4587329395355715,
        3.4578115670911727,
        3.461747992423273,
        3.459670497525123
    ],
    "finetune_losses": [
        0.720125590601275,
        0.6252299883673268,
        0.4434121895220972,
        0.3201029685235793,
        0.253002273219247,
        0.18776342849577626,
        0.12100574854881532,
        0.0667067704301688
    ],
    "validation_metrics": [
        {
            "epoch": 1,
            "precision": 0.25,
            "recall": 0.5,
            "macro_f1": 0.3333333333333333
        },
        {
            "epoch": 2,
            "precision": 0.7217005160461563,
            "recall": 0.7068181818181818,
            "macro_f1": 0.701814017262846
        },
        {
            "epoch": 3,
            "precision": 0.7156862745098038,
            "recall": 0.7045454545454546,
            "macro_f1": 0.7006802721088435
        },
        {
            "epoch": 4,
            "precision": 0.7208096353295417,
            "recall": 0.7181818181818183,
            "macro_f1": 0.717340848806366
        },
        {
            "epoch": 5,
            "precision": 0.7208241064591568,
            "recall": 0.7204545454545455,
            "macro_f1": 0.7203375379161736
        },
        {
            "epoch": 6,
            "precision": 0.7253771808191395,
            "recall": 0.7250000000000001,
            "macro_f1": 0.7248848950232277
        },
        {
            "epoch": 7,
            "precision": 0.7114728682170542,
            "recall": 0.7113636363636364,
            "macro_f1": 0.7113263592922641
        },
        {
            "epoch": 8,
            "precision": 0.7048162859980138,
            "recall": 0.7045454545454546,
            "macro_f1": 0.7044477513227514
        }
    ],
    "test_metrics": {
        "precision": 0.5644412008529098,
        "recall": 0.5605555555555556,
        "macro_f1": 0.5538298154369619
    }
}