{
    "config": {
        "model_name": "roberta-base",
        "dataset": "figlang-twitter",
        "output_dir": "./out",
        "batch_size": 64,
        "pretrain_epochs": 20,
        "epochs": 10,
        "pretrain_lr": 3e-05,
        "classifier_lr": 3e-05,
        "model_lr": 1e-06,
        "dropout": 0.1,
        "temperature": 0.2
    },
    "pretrain_losses": [
        4.068651474697489,
        3.9736909295471623,
        3.825501754250325,
        3.6566950670430356,
        3.546550102636848,
        3.5193632253458804,
        3.4999051228375504,
        3.4712066516070297,
        3.477177982598963,
        3.459014267988608,
        3.4442587839045995,
        3.4407424792437484,
        3.4372888484471282,
        3.4393630665792547,
        3.444377345098576,
        3.4409628015168954,
        3.4361265645900243,
        3.437320265971439,
        3.437592002707468,
        3.4312152426007767
    ],
    "finetune_losses": [
        0.38117300981367136,
        0.09228664117170052,
        0.04252463180414388,
        0.026459766840431054,
        0.01909840786436074
    ],
    "validation_metrics": [
        {
            "epoch": 1,
            "precision": 0.844,
            "recall": 0.844,
            "macro_f1": 0.844
        },
        {
            "epoch": 2,
            "precision": 0.8460498311756893,
            "recall": 0.846,
            "macro_f1": 0.8459944558004089
        },
        {
            "epoch": 3,
            "precision": 0.854459379355645,
            "recall": 0.854,
            "macro_f1": 0.8539526806685366
        },
        {
            "epoch": 4,
            "precision": 0.8420054720875534,
            "recall": 0.842,
            "macro_f1": 0.841999367997472
        },
        {
            "epoch": 5,
            "precision": 0.8400217613927292,
            "recall": 0.84,
            "macro_f1": 0.8399974399590393
        }
    ],
    "test_metrics": {
        "precision": 0.7321678321678322,
        "recall": 0.7305555555555556,
        "macro_f1": 0.7300869565217392
    }
}