{
    "config": {
        "batch_size": 64,
        "classifier_lr": 1e-05,
        "dataset": "figlang-reddit",
        "dropout": 0.1,
        "epochs": 10,
        "model_lr": 1e-06,
        "model_name": "roberta-base",
        "output_dir": "./out",
        "pretrain_epochs": 20,
        "pretrain_lr": 5e-05,
        "temperature": 0.2
    },
    "pretrain_losses": [
        4.137752217631186,
        4.10838278647392,
        4.043774770152185,
        3.9047019866205033,
        3.752856500687138,
        3.622774520227986,
        3.551823212254432,
        3.497402721835721,
        3.49734035230452,
        3.4676268485284623,
        3.46868799578759,
        3.453794064060334,
        3.4605360992493166,
        3.4516232667430753,
        3.44790683638665,
        3.4466119966199322,
        3.443585661149794,
        3.44811781760185,
        3.441993828742735,
        3.4405481815338135
    ],
    "finetune_losses": [
        0.8079311982277901,
        0.6192527547959359,
        0.3705443405816632,
        0.14719338282462088,
        0.06482229153475454
    ],
    "validation_metrics": [
        {
            "epoch": 1,
            "precision": 0.6747058823529413,
            "recall": 0.6227272727272728,
            "macro_f1": 0.5924107142857143
        },
        {
            "epoch": 2,
            "precision": 0.6735301735301735,
            "recall": 0.6522727272727273,
            "macro_f1": 0.6412871461227361
        },
        {
            "epoch": 3,
            "precision": 0.7097148541114058,
            "recall": 0.709090909090909,
            "macro_f1": 0.7088743693656439
        },
        {
            "epoch": 4,
            "precision": 0.7048162859980138,
            "recall": 0.7045454545454546,
            "macro_f1": 0.7044477513227514
        },
        {
            "epoch": 5,
            "precision": 0.7000165302917596,
            "recall": 0.7,
            "macro_f1": 0.6999938015248248
        }
    ],
    "test_metrics": {
        "precision": 0.5526315789473684,
        "recall": 0.5455555555555556,
        "macro_f1": 0.5297499281402702
    }
}