{
    "config": {
        "batch_size": 64,
        "classifier_lr": 1e-05,
        "dataset": "figlang-reddit",
        "dropout": 0.1,
        "epochs": 10,
        "model_lr": 1e-06,
        "model_name": "roberta-base",
        "output_dir": "./out",
        "pretrain_epochs": 20,
        "pretrain_lr": 1e-05,
        "temperature": 0.5
    },
    "pretrain_losses": [
        4.142764406819498,
        4.12969809193765,
        4.100321169822447,
        4.0632675232425814,
        4.002687696487673,
        3.914511822885083,
        3.8305200722909745,
        3.7254657899179766,
        3.6728063591064943,
        3.631361622964182,
        3.591413401788281,
        3.5798117499197684,
        3.567388161536186,
        3.562709696831242,
        3.5429702458843106,
        3.540577703906644,
        3.530576648250703,
        3.535696606482229,
        3.5319549037564184,
        3.530683479001445
    ],
    "finetune_losses": [
        0.48006195791306033,
        0.279609089176501,
        0.16951195354903897
    ],
    "validation_metrics": [
        {
            "epoch": 1,
            "precision": 0.7081524521917228,
            "recall": 0.6931818181818181,
            "macro_f1": 0.687564104587127
        },
        {
            "epoch": 2,
            "precision": 0.692457682497523,
            "recall": 0.6886363636363636,
            "macro_f1": 0.687083093246954
        },
        {
            "epoch": 3,
            "precision": 0.6903917595406956,
            "recall": 0.6863636363636363,
            "macro_f1": 0.6846959122632104
        }
    ],
    "test_metrics": {
        "precision": 0.5689655172413792,
        "recall": 0.555,
        "macro_f1": 0.5312705727452272
    }
}