{
    "config": {
        "batch_size": 64,
        "classifier_lr": 1e-05,
        "dataset": "figlang-reddit",
        "dropout": 0.2,
        "epochs": 10,
        "model_lr": 1e-06,
        "model_name": "roberta-base",
        "output_dir": "./out",
        "pretrain_epochs": 20,
        "pretrain_lr": 1e-05,
        "temperature": 0.07
    },
    "pretrain_losses": [
        4.140926307247531,
        4.1334469933663645,
        4.105638700146829,
        4.0521789443108345,
        3.961360193067981,
        3.855957308123189,
        3.73490596202112,
        3.6497743783458585,
        3.583033838579732,
        3.548427700996399,
        3.5148635295129593,
        3.509728612438325,
        3.497529637429022,
        3.4889000192765267,
        3.475623834517694,
        3.473300399318818,
        3.4795810061116375,
        3.472456339866884,
        3.4733303554596437,
        3.4684577218947874
    ],
    "finetune_losses": [
        0.5625575295379085,
        0.2857373287120173,
        0.07770613436737368,
        0.04427952842125969,
        0.03578714802560787,
        0.030449443661998355,
        0.028163656877774383,
        0.023416241841210474
    ],
    "validation_metrics": [
        {
            "epoch": 1,
            "precision": 0.7052238805970149,
            "recall": 0.6954545454545454,
            "macro_f1": 0.691786550685848
        },
        {
            "epoch": 2,
            "precision": 0.702276906547656,
            "recall": 0.7022727272727273,
            "macro_f1": 0.7022711894173007
        },
        {
            "epoch": 3,
            "precision": 0.7010634762379528,
            "recall": 0.7,
            "macro_f1": 0.6996027805362462
        },
        {
            "epoch": 4,
            "precision": 0.7045454545454546,
            "recall": 0.7045454545454546,
            "macro_f1": 0.7045454545454546
        },
        {
            "epoch": 5,
            "precision": 0.7000165302917596,
            "recall": 0.7,
            "macro_f1": 0.6999938015248248
        },
        {
            "epoch": 6,
            "precision": 0.7091081907595669,
            "recall": 0.7090909090909091,
            "macro_f1": 0.7090848984483151
        },
        {
            "epoch": 7,
            "precision": 0.7051558355437666,
            "recall": 0.7045454545454546,
            "macro_f1": 0.7043255313869821
        },
        {
            "epoch": 8,
            "precision": 0.7053771471247199,
            "recall": 0.7045454545454546,
            "macro_f1": 0.704246034208186
        }
    ],
    "test_metrics": {
        "precision": 0.5763345350001696,
        "recall": 0.575,
        "macro_f1": 0.5731343070748416
    }
}