{
    "config": {
        "model_name": "roberta-base",
        "dataset": "figlang-reddit",
        "output_dir": "./out",
        "batch_size": 64,
        "epochs": 5,
        "pretrain_epochs": 10,
        "lr": 3e-05,
        "model_lr": 1e-06,
        "dropout": 0.3,
        "temperature": 0.07
    },
    "pretrain_losses": [
        4.140223918422576,
        4.131548789239699,
        4.1281352273879515,
        4.104536121891391,
        4.042237147208183,
        3.889510331615325,
        3.6934712086954424,
        3.607298339566877,
        3.5269955050560737,
        3.513545593907756
    ],
    "finetune_losses": [
        0.6368245924672773,
        0.29843139504232713,
        0.06561570791828056,
        0.02104326804739333,
        0.010682094872238175
    ],
    "validation_metrics": [
        {
            "epoch": 1,
            "precision": 0.7024088323854132,
            "recall": 0.7,
            "macro_f1": 0.699104774535809
        },
        {
            "epoch": 2,
            "precision": 0.6925,
            "recall": 0.6909090909090909,
            "macro_f1": 0.6902691511387165
        },
        {
            "epoch": 3,
            "precision": 0.7049689440993789,
            "recall": 0.7045454545454546,
            "macro_f1": 0.7043927648578812
        },
        {
            "epoch": 4,
            "precision": 0.6836782143687514,
            "recall": 0.6795454545454545,
            "macro_f1": 0.6777327009885149
        },
        {
            "epoch": 5,
            "precision": 0.7070277760542698,
            "recall": 0.7068181818181818,
            "macro_f1": 0.7067439589565541
        }
    ],
    "test_metrics": {
        "precision": 0.5714602533142772,
        "recall": 0.5644444444444445,
        "macro_f1": 0.553484981376223
    }
}