{
    "config": {
        "batch_size": 64,
        "classifier_lr": 3e-05,
        "dataset": "figlang-reddit",
        "dropout": 0.2,
        "epochs": 10,
        "model_lr": 1e-06,
        "model_name": "roberta-base",
        "output_dir": "./out",
        "pretrain_epochs": 20,
        "pretrain_lr": 5e-05,
        "temperature": 0.2
    },
    "pretrain_losses": [
        4.1393294026774745,
        4.1343829093440885,
        4.123126083804715,
        4.13274048989819,
        4.1061369757498465,
        4.037218686073057,
        3.9205106304537867,
        3.753922470154301,
        3.7019286886338265,
        3.572647871509675,
        3.538597510706994,
        3.505057854037131,
        3.4875021596108713,
        3.4763711960084978,
        3.471415788896622,
        3.4716365721917923,
        3.466298541715068,
        3.4647144656027518,
        3.464536493824374,
        3.4637373762746013
    ],
    "finetune_losses": [
        0.2530505701659187,
        0.06959035620093346,
        0.03581068418439357,
        0.026680264591930375,
        0.020439664923375653
    ],
    "validation_metrics": [
        {
            "epoch": 1,
            "precision": 0.6784674265745902,
            "recall": 0.6772727272727272,
            "macro_f1": 0.6767317204412343
        },
        {
            "epoch": 2,
            "precision": 0.6821946169772257,
            "recall": 0.6818181818181819,
            "macro_f1": 0.6816537467700259
        },
        {
            "epoch": 3,
            "precision": 0.684735958201157,
            "recall": 0.6840909090909091,
            "macro_f1": 0.6838149004037615
        },
        {
            "epoch": 4,
            "precision": 0.6823607427055702,
            "recall": 0.6818181818181819,
            "macro_f1": 0.6815813414936729
        },
        {
            "epoch": 5,
            "precision": 0.6823607427055702,
            "recall": 0.6818181818181819,
            "macro_f1": 0.6815813414936729
        }
    ],
    "test_metrics": {
        "precision": 0.5554337382049324,
        "recall": 0.5527777777777778,
        "macro_f1": 0.5473559684504923
    }
}