{
    "config": {
        "batch_size": 64,
        "classifier_lr": 1e-05,
        "dataset": "figlang-reddit",
        "dropout": 0.2,
        "epochs": 10,
        "model_lr": 1e-06,
        "model_name": "roberta-base",
        "output_dir": "./out",
        "pretrain_epochs": 20,
        "pretrain_lr": 3e-05,
        "temperature": 0.07
    },
    "pretrain_losses": [
        4.138100747139223,
        4.119793761161066,
        4.0624443369527015,
        3.9064698373117754,
        3.6860362099063013,
        3.5776432752609253,
        3.528763986402942,
        3.4796801574768557,
        3.4739957086501585,
        3.4690439431898055,
        3.455794592057505,
        3.460708145172365,
        3.4538487311332458,
        3.4436920573634486,
        3.4412394608220747,
        3.4410693607022687,
        3.4427909389618905,
        3.4440212672756565,
        3.44303422974002,
        3.4428871100948704
    ],
    "finetune_losses": [
        0.5132599285533351,
        0.2737626548736326,
        0.10819388162945548,
        0.049067441013551524,
        0.03056423155771148,
        0.02059988503254229
    ],
    "validation_metrics": [
        {
            "epoch": 1,
            "precision": 0.7091435485264886,
            "recall": 0.7,
            "macro_f1": 0.6966848405088676
        },
        {
            "epoch": 2,
            "precision": 0.7068566468971503,
            "recall": 0.7068181818181818,
            "macro_f1": 0.7068045518644979
        },
        {
            "epoch": 3,
            "precision": 0.7045623605256632,
            "recall": 0.7045454545454546,
            "macro_f1": 0.70453934998657
        },
        {
            "epoch": 4,
            "precision": 0.7095238095238094,
            "recall": 0.7090909090909091,
            "macro_f1": 0.7089405684754522
        },
        {
            "epoch": 5,
            "precision": 0.6986727150537635,
            "recall": 0.6954545454545454,
            "macro_f1": 0.6942162476143059
        },
        {
            "epoch": 6,
            "precision": 0.7034877678701337,
            "recall": 0.7022727272727274,
            "macro_f1": 0.7018276249152919
        }
    ],
    "test_metrics": {
        "precision": 0.573442326437291,
        "recall": 0.5605555555555556,
        "macro_f1": 0.5403940319012638
    }
}