{
    "config": {
        "batch_size": 64,
        "classifier_lr": 3e-05,
        "dataset": "figlang-reddit",
        "dropout": 0.2,
        "epochs": 10,
        "model_lr": 1e-06,
        "model_name": "roberta-base",
        "output_dir": "./out",
        "pretrain_epochs": 0,
        "pretrain_lr": 5e-05,
        "temperature": 0.5
    },
    "pretrain_losses": [],
    "finetune_losses": [
        0.7074033512223151,
        0.6947820003955595,
        0.6946830134237966,
        0.6958488802756032,
        0.6947021474761348,
        0.6921608159618993,
        0.6869330656143927,
        0.6857127143490699
    ],
    "validation_metrics": [
        {
            "epoch": 1,
            "precision": 0.25,
            "recall": 0.5,
            "macro_f1": 0.3333333333333333
        },
        {
            "epoch": 2,
            "precision": 0.5461448108062756,
            "recall": 0.5113636363636364,
            "macro_f1": 0.3979085915770849
        },
        {
            "epoch": 3,
            "precision": 0.5522374429223744,
            "recall": 0.5295454545454545,
            "macro_f1": 0.4722294654498045
        },
        {
            "epoch": 4,
            "precision": 0.5749250749250749,
            "recall": 0.5681818181818181,
            "macro_f1": 0.5582422692397117
        },
        {
            "epoch": 5,
            "precision": 0.6004066052609742,
            "recall": 0.6000000000000001,
            "macro_f1": 0.5995946309280056
        },
        {
            "epoch": 6,
            "precision": 0.6182250882849685,
            "recall": 0.6113636363636363,
            "macro_f1": 0.6056417755554507
        },
        {
            "epoch": 7,
            "precision": 0.6127574317398192,
            "recall": 0.6,
            "macro_f1": 0.5883566158491208
        },
        {
            "epoch": 8,
            "precision": 0.6047595845053266,
            "recall": 0.5977272727272728,
            "macro_f1": 0.5908610934536724
        }
    ],
    "test_metrics": {
        "precision": 0.47498888394842154,
        "recall": 0.4822222222222222,
        "macro_f1": 0.44186863551919253
    }
}