{
    "config": {
        "model_name": "roberta-base",
        "dataset": "figlang-reddit",
        "output_dir": "./out",
        "batch_size": 64,
        "epochs": 5,
        "pretrain_epochs": 10,
        "lr": 2e-05,
        "model_lr": 1e-06,
        "dropout": 0.3,
        "temperature": 0.07
    },
    "pretrain_losses": [
        4.139185693956191,
        4.124168026831843,
        4.072473364491617,
        3.9427773491028817,
        3.7781991151071366,
        3.5955848924575315,
        3.527950156119562,
        3.526889939461985,
        3.5033399212744927,
        3.4927078177852016
    ],
    "finetune_losses": [
        0.5883444038129622,
        0.2449491385731005,
        0.05250555592318697,
        0.015769955867360675,
        0.011978376859558685
    ],
    "validation_metrics": [
        {
            "epoch": 1,
            "precision": 0.7089961117002475,
            "recall": 0.6954545454545455,
            "macro_f1": 0.690440188172043
        },
        {
            "epoch": 2,
            "precision": 0.7048162859980138,
            "recall": 0.7045454545454546,
            "macro_f1": 0.7044477513227514
        },
        {
            "epoch": 3,
            "precision": 0.7092465470184435,
            "recall": 0.7090909090909091,
            "macro_f1": 0.7090368043644479
        },
        {
            "epoch": 4,
            "precision": 0.7051558355437666,
            "recall": 0.7045454545454546,
            "macro_f1": 0.7043255313869821
        },
        {
            "epoch": 5,
            "precision": 0.7069250645994831,
            "recall": 0.7068181818181818,
            "macro_f1": 0.7067803177063154
        }
    ],
    "test_metrics": {
        "precision": 0.5805605994731593,
        "recall": 0.5738888888888889,
        "macro_f1": 0.5648801623993553
    }
}