{
    "config": {
        "model_name": "roberta-base",
        "dataset": "figlang-reddit",
        "output_dir": "./out",
        "batch_size": 64,
        "epochs": 5,
        "pretrain_epochs": 10,
        "lr": 1e-05,
        "model_lr": 1e-06,
        "dropout": 0.3,
        "temperature": 0.07
    },
    "pretrain_losses": [
        4.140681074511621,
        4.1300230295427385,
        4.094054395152677,
        4.0318602515805155,
        3.9193156073170323,
        3.776470749608932,
        3.658608986485389,
        3.5930170512968496,
        3.550735123695866,
        3.522544972358211
    ],
    "finetune_losses": [
        0.6304197921868293,
        0.37849006537468205,
        0.16631680534731957,
        0.04086517485519571,
        0.02619706897906238
    ],
    "validation_metrics": [
        {
            "epoch": 1,
            "precision": 0.6261467889908257,
            "recall": 0.5045454545454545,
            "macro_f1": 0.3472343205574913
        },
        {
            "epoch": 2,
            "precision": 0.6965979099644652,
            "recall": 0.6931818181818181,
            "macro_f1": 0.6918431824194979
        },
        {
            "epoch": 3,
            "precision": 0.6973914565826331,
            "recall": 0.6863636363636364,
            "macro_f1": 0.6819210460145839
        },
        {
            "epoch": 4,
            "precision": 0.6982228298017772,
            "recall": 0.6977272727272728,
            "macro_f1": 0.6975382341235999
        },
        {
            "epoch": 5,
            "precision": 0.689432123655914,
            "recall": 0.6863636363636363,
            "macro_f1": 0.6850883744087628
        }
    ],
    "test_metrics": {
        "precision": 0.5733760282483652,
        "recall": 0.5644444444444445,
        "macro_f1": 0.5507741124669097
    }
}