{
    "config": {
        "batch_size": 64,
        "classifier_lr": 1e-05,
        "dataset": "figlang-reddit",
        "dropout": 0.5,
        "epochs": 10,
        "model_lr": 1e-06,
        "model_name": "roberta-base",
        "output_dir": "./out",
        "pretrain_epochs": 0,
        "pretrain_lr": 5e-05,
        "temperature": 0.2
    },
    "pretrain_losses": [],
    "finetune_losses": [
        0.7020712052622149,
        0.6971472261413452,
        0.6934574515588822,
        0.6945569236432353,
        0.6950335887170607
    ],
    "validation_metrics": [
        {
            "epoch": 1,
            "precision": 0.5140115489130435,
            "recall": 0.5136363636363637,
            "macro_f1": 0.5103585988850986
        },
        {
            "epoch": 2,
            "precision": 0.5140557117301303,
            "recall": 0.5136363636363637,
            "macro_f1": 0.509981473386207
        },
        {
            "epoch": 3,
            "precision": 0.5183654729109275,
            "recall": 0.5181818181818182,
            "macro_f1": 0.5169742538163591
        },
        {
            "epoch": 4,
            "precision": 0.5526819923371648,
            "recall": 0.5409090909090909,
            "macro_f1": 0.5137429971988796
        },
        {
            "epoch": 5,
            "precision": 0.5734018417189377,
            "recall": 0.5340909090909091,
            "macro_f1": 0.46206740259662804
        }
    ],
    "test_metrics": {
        "precision": 0.5073476985375358,
        "recall": 0.5066666666666666,
        "macro_f1": 0.4949641760750021
    }
}