{
    "config": {
        "batch_size": 64,
        "classifier_lr": 1e-05,
        "dataset": "figlang-reddit",
        "dropout": 0.2,
        "epochs": 10,
        "model_lr": 1e-06,
        "model_name": "roberta-base",
        "output_dir": "./out",
        "pretrain_epochs": 20,
        "pretrain_lr": 3e-05,
        "temperature": 0.2
    },
    "pretrain_losses": [
        4.137531238217508,
        4.12302896284288,
        4.079854615273014,
        3.962434188012154,
        3.7930922700512792,
        3.6674955621842416,
        3.573279757653513,
        3.561190847427614,
        3.4995550301767167,
        3.477865057606851,
        3.468087830851155,
        3.4602504507187875,
        3.4545318811170516,
        3.4500721885311987,
        3.444492220878601,
        3.4456472281486756,
        3.4464088639905377,
        3.442397279124106,
        3.4469713934006228,
        3.445853833229311
    ],
    "finetune_losses": [
        0.6337705326657141,
        0.3138720087947384,
        0.13535723955400528,
        0.058657542051326846,
        0.0372198817410296,
        0.026918860933473034,
        0.022525450575255578,
        0.02039499750601188
    ],
    "validation_metrics": [
        {
            "epoch": 1,
            "precision": 0.7093677590201919,
            "recall": 0.7090909090909091,
            "macro_f1": 0.7089947089947091
        },
        {
            "epoch": 2,
            "precision": 0.7150761294616856,
            "recall": 0.7136363636363636,
            "macro_f1": 0.7131563153210952
        },
        {
            "epoch": 3,
            "precision": 0.714505020330263,
            "recall": 0.7136363636363636,
            "macro_f1": 0.7133461562325494
        },
        {
            "epoch": 4,
            "precision": 0.7172060443557606,
            "recall": 0.7159090909090908,
            "macro_f1": 0.7154843749191717
        },
        {
            "epoch": 5,
            "precision": 0.7190689569330346,
            "recall": 0.7181818181818183,
            "macro_f1": 0.7178962172447312
        },
        {
            "epoch": 6,
            "precision": 0.721778803184303,
            "recall": 0.7204545454545455,
            "macro_f1": 0.7200366249204649
        },
        {
            "epoch": 7,
            "precision": 0.7190689569330346,
            "recall": 0.7181818181818183,
            "macro_f1": 0.7178962172447312
        },
        {
            "epoch": 8,
            "precision": 0.7190689569330346,
            "recall": 0.7181818181818183,
            "macro_f1": 0.7178962172447312
        }
    ],
    "test_metrics": {
        "precision": 0.5814975424969439,
        "recall": 0.5800000000000001,
        "macro_f1": 0.5780616883237688
    }
}