{
    "config": {
        "model_name": "roberta-base",
        "dataset": "figlang-reddit",
        "output_dir": "./out",
        "batch_size": 64,
        "epochs": 10,
        "pretrain_epochs": 20,
        "lr": 2e-05,
        "model_lr": 1e-06,
        "dropout": 0.3,
        "temperature": 0.07
    },
    "pretrain_losses": [
        4.139795053389765,
        4.1293837139683385,
        4.092711767842693,
        3.9997698299346434,
        3.7966804965849845,
        3.627977386597664,
        3.5629011854048698,
        3.524669697207789,
        3.5193205994944416,
        3.498097438966074,
        3.4675809875611336,
        3.493921822117221,
        3.4757809369794783,
        3.4768572776548323,
        3.4692883453061505,
        3.4861515837330974,
        3.46126002265561,
        3.476097506861533,
        3.4607953640722458,
        3.4586852212106027
    ],
    "finetune_losses": [
        0.6780479704180071,
        0.42565923640804904,
        0.2026231302128684,
        0.041111794360462695,
        0.01739994015905165,
        0.011758319214887677,
        0.00851777415241926
    ],
    "validation_metrics": [
        {
            "epoch": 1,
            "precision": 0.25,
            "recall": 0.5,
            "macro_f1": 0.3333333333333333
        },
        {
            "epoch": 2,
            "precision": 0.6915210505338676,
            "recall": 0.6886363636363637,
            "macro_f1": 0.6874594936511969
        },
        {
            "epoch": 3,
            "precision": 0.6900539145277795,
            "recall": 0.6886363636363637,
            "macro_f1": 0.6880546887533054
        },
        {
            "epoch": 4,
            "precision": 0.6876196022963641,
            "recall": 0.6863636363636364,
            "macro_f1": 0.6858378691611995
        },
        {
            "epoch": 5,
            "precision": 0.6977313580859108,
            "recall": 0.6977272727272728,
            "macro_f1": 0.6977257113931373
        },
        {
            "epoch": 6,
            "precision": 0.6854743021295198,
            "recall": 0.6840909090909091,
            "macro_f1": 0.6835007426037187
        },
        {
            "epoch": 7,
            "precision": 0.6967799642218246,
            "recall": 0.6909090909090909,
            "macro_f1": 0.6885863569183373
        }
    ],
    "test_metrics": {
        "precision": 0.5807876560241134,
        "recall": 0.5738888888888889,
        "macro_f1": 0.5645936349177865
    }
}