{
    "config": {
        "batch_size": 64,
        "classifier_lr": 1e-05,
        "dataset": "figlang-reddit",
        "dropout": 0.2,
        "epochs": 10,
        "model_lr": 5e-07,
        "model_name": "roberta-base",
        "output_dir": "./out",
        "pretrain_epochs": 20,
        "pretrain_lr": 1e-05,
        "temperature": 0.2
    },
    "pretrain_losses": [
        4.140331945111675,
        4.124969674694922,
        4.089721702760266,
        4.026208827572484,
        3.9290656120546403,
        3.7922747135162354,
        3.666126674221408,
        3.6094202995300293,
        3.540025964859993,
        3.5162965866827194,
        3.4994265264080417,
        3.4892895836983957,
        3.473647771343108,
        3.4742853103145475,
        3.469384116511191,
        3.457772551044341,
        3.457002855116321,
        3.4564804300185172,
        3.4603135278148036,
        3.4610578744642195
    ],
    "finetune_losses": [
        0.6894921160513355,
        0.3553239816138821,
        0.22753231732114668,
        0.17581547940931014,
        0.13271389252716495,
        0.0991127593142371
    ],
    "validation_metrics": [
        {
            "epoch": 1,
            "precision": 0.7043515224030983,
            "recall": 0.634090909090909,
            "macro_f1": 0.5996812821048944
        },
        {
            "epoch": 2,
            "precision": 0.7136102668017561,
            "recall": 0.7090909090909091,
            "macro_f1": 0.7075440345629778
        },
        {
            "epoch": 3,
            "precision": 0.7175315889173379,
            "recall": 0.7159090909090908,
            "macro_f1": 0.7153783656508261
        },
        {
            "epoch": 4,
            "precision": 0.7258821557287738,
            "recall": 0.7227272727272728,
            "macro_f1": 0.7217557172772698
        },
        {
            "epoch": 5,
            "precision": 0.7208096353295417,
            "recall": 0.7181818181818183,
            "macro_f1": 0.717340848806366
        },
        {
            "epoch": 6,
            "precision": 0.7217741935483871,
            "recall": 0.7181818181818183,
            "macro_f1": 0.7170359306281637
        }
    ],
    "test_metrics": {
        "precision": 0.5813154028196816,
        "recall": 0.5805555555555556,
        "macro_f1": 0.5795733922858679
    }
}