{
    "config": {
        "batch_size": 64,
        "classifier_lr": 3e-05,
        "dataset": "figlang-reddit",
        "dropout": 0.1,
        "epochs": 10,
        "model_lr": 5e-07,
        "model_name": "roberta-base",
        "output_dir": "./out",
        "pretrain_epochs": 20,
        "pretrain_lr": 1e-05,
        "temperature": 0.5
    },
    "pretrain_losses": [
        4.142941213423206,
        4.131688456381521,
        4.098389763985911,
        4.047512911981152,
        3.9685026061150337,
        3.8728453151641355,
        3.7732008195692495,
        3.713804891032557,
        3.648397634106298,
        3.6155970981044154,
        3.5833949504360074,
        3.5706605718981836,
        3.5411035899193055,
        3.5389798033622,
        3.5273492990001554,
        3.517933057200524,
        3.514017424275798,
        3.5185313916975454,
        3.5098094094184136,
        3.5144013935519802
    ],
    "finetune_losses": [
        0.6350178372475409,
        0.3251984487137487,
        0.17694504943586165,
        0.11662305855462628,
        0.08376723527908325,
        0.06453914892288946
    ],
    "validation_metrics": [
        {
            "epoch": 1,
            "precision": 0.6798338635560268,
            "recall": 0.6681818181818182,
            "macro_f1": 0.6627184139784946
        },
        {
            "epoch": 2,
            "precision": 0.692195690157251,
            "recall": 0.6909090909090909,
            "macro_f1": 0.6903909435211821
        },
        {
            "epoch": 3,
            "precision": 0.6925,
            "recall": 0.6909090909090909,
            "macro_f1": 0.6902691511387165
        },
        {
            "epoch": 4,
            "precision": 0.7069250645994831,
            "recall": 0.7068181818181818,
            "macro_f1": 0.7067803177063154
        },
        {
            "epoch": 5,
            "precision": 0.6967717780181379,
            "recall": 0.6954545454545454,
            "macro_f1": 0.6949440178811648
        },
        {
            "epoch": 6,
            "precision": 0.7075428666210528,
            "recall": 0.7068181818181818,
            "macro_f1": 0.7065620298711168
        }
    ],
    "test_metrics": {
        "precision": 0.5861356163937628,
        "recall": 0.5816666666666667,
        "macro_f1": 0.5761692946317591
    }
}