{
    "config": {
        "batch_size": 64,
        "classifier_lr": 1e-05,
        "dataset": "figlang-reddit",
        "dropout": 0.2,
        "epochs": 10,
        "model_lr": 5e-07,
        "model_name": "roberta-base",
        "output_dir": "./out",
        "pretrain_epochs": 20,
        "pretrain_lr": 3e-05,
        "temperature": 0.2
    },
    "pretrain_losses": [
        4.137704880006852,
        4.104462977378599,
        4.059901391306231,
        3.94776511961414,
        3.764994590513168,
        3.630847438689201,
        3.5632313336095502,
        3.5221579651678763,
        3.4919082580074186,
        3.4840417100537207,
        3.470660013537253,
        3.4636955530412736,
        3.456811570352124,
        3.452914934004507,
        3.445203431190983,
        3.4509573867244105,
        3.450226587633933,
        3.444679044908093,
        3.445652115729547,
        3.4457786121676044
    ],
    "finetune_losses": [
        0.4075653504940771,
        0.2586600064269958,
        0.1706646476541796,
        0.10639433803096894
    ],
    "validation_metrics": [
        {
            "epoch": 1,
            "precision": 0.702779676463887,
            "recall": 0.7022727272727273,
            "macro_f1": 0.7020865313548241
        },
        {
            "epoch": 2,
            "precision": 0.7118933697881067,
            "recall": 0.7113636363636364,
            "macro_f1": 0.7111831258172722
        },
        {
            "epoch": 3,
            "precision": 0.7091081907595669,
            "recall": 0.7090909090909091,
            "macro_f1": 0.7090848984483151
        },
        {
            "epoch": 4,
            "precision": 0.7105000416007987,
            "recall": 0.7090909090909091,
            "macro_f1": 0.7086032409611126
        }
    ],
    "test_metrics": {
        "precision": 0.5875458383080334,
        "recall": 0.5811111111111111,
        "macro_f1": 0.5732698122035025
    }
}