{
    "config": {
        "model_name": "roberta-base",
        "dataset": "figlang-reddit",
        "output_dir": "./out",
        "batch_size": 64,
        "epochs": 5,
        "pretrain_epochs": 10,
        "lr": 3e-05,
        "model_lr": 5e-07,
        "dropout": 0.3,
        "temperature": 0.07
    },
    "pretrain_losses": [
        4.139495822691148,
        4.119287552372102,
        4.072270970190725,
        3.967428772680221,
        3.8098384257285827,
        3.6378637129260647,
        3.5712606330071726,
        3.534716817640489,
        3.4911577778477825,
        3.5274815059477285
    ],
    "finetune_losses": [
        0.6315540161824995,
        0.40285866587392744,
        0.2587578496144664,
        0.1690065786242485,
        0.09158092869385596
    ],
    "validation_metrics": [
        {
            "epoch": 1,
            "precision": 0.7505694760820045,
            "recall": 0.5022727272727273,
            "macro_f1": 0.33836403710544566
        },
        {
            "epoch": 2,
            "precision": 0.7167088826827737,
            "recall": 0.7068181818181818,
            "macro_f1": 0.7034343307679045
        },
        {
            "epoch": 3,
            "precision": 0.7162710320991743,
            "recall": 0.7159090909090908,
            "macro_f1": 0.7157901808091195
        },
        {
            "epoch": 4,
            "precision": 0.7182539682539683,
            "recall": 0.7181818181818183,
            "macro_f1": 0.718158525497975
        },
        {
            "epoch": 5,
            "precision": 0.7159492467607613,
            "recall": 0.7159090909090909,
            "macro_f1": 0.7158958835896296
        }
    ],
    "test_metrics": {
        "precision": 0.5966083544313445,
        "recall": 0.5938888888888889,
        "macro_f1": 0.5910106897335229
    }
}