{
    "config": {
        "batch_size": 64,
        "classifier_lr": 1e-05,
        "dataset": "figlang-reddit",
        "dropout": 0.1,
        "epochs": 10,
        "model_lr": 5e-07,
        "model_name": "roberta-base",
        "output_dir": "./out",
        "pretrain_epochs": 20,
        "pretrain_lr": 3e-05,
        "temperature": 0.07
    },
    "pretrain_losses": [
        4.136950977386967,
        4.106613762917057,
        4.039567543614295,
        3.9109418469090618,
        3.702301036927008,
        3.5769933385233723,
        3.5429880619049072,
        3.5057211345241917,
        3.478546227178266,
        3.4634198411818473,
        3.4759397660532305,
        3.4598062653695383,
        3.4528462579173427,
        3.4476202764818744,
        3.4508599965803084,
        3.4448005768560592,
        3.443302350659524,
        3.443310272309088,
        3.441479371440026,
        3.4489855151022635
    ],
    "finetune_losses": [
        0.5641874680596013,
        0.352720636994608,
        0.2081483811620743
    ],
    "validation_metrics": [
        {
            "epoch": 1,
            "precision": 0.7074427960774453,
            "recall": 0.7045454545454546,
            "macro_f1": 0.7035101905413531
        },
        {
            "epoch": 2,
            "precision": 0.703482809210946,
            "recall": 0.6977272727272728,
            "macro_f1": 0.6955745951485452
        },
        {
            "epoch": 3,
            "precision": 0.7095507181232474,
            "recall": 0.7022727272727273,
            "macro_f1": 0.6996649628228575
        }
    ],
    "test_metrics": {
        "precision": 0.5579124273255813,
        "recall": 0.5566666666666666,
        "macro_f1": 0.55426962777604
    }
}