{
    "config": {
        "batch_size": 64,
        "classifier_lr": 3e-05,
        "dataset": "figlang-reddit",
        "dropout": 0.2,
        "epochs": 10,
        "model_lr": 1e-06,
        "model_name": "roberta-base",
        "output_dir": "./out",
        "pretrain_epochs": 20,
        "pretrain_lr": 3e-05,
        "temperature": 0.2
    },
    "pretrain_losses": [
        4.137696646874951,
        4.11347323079263,
        4.058954185055148,
        3.9392225934613134,
        3.7401584463734783,
        3.6031556360183226,
        3.539885993926756,
        3.508623634615252,
        3.4860741669131863,
        3.4837818030388124,
        3.4581654648627005,
        3.4600768666113577,
        3.4570582797450404,
        3.4495877027511597,
        3.4514193457941853,
        3.4454912216432634,
        3.4423872193982525,
        3.4463198723331576,
        3.440133963861773,
        3.446532307132598
    ],
    "finetune_losses": [
        0.24823510670854199,
        0.04830348359480981,
        0.024245071525294936
    ],
    "validation_metrics": [
        {
            "epoch": 1,
            "precision": 0.6962492739191768,
            "recall": 0.6954545454545455,
            "macro_f1": 0.6951459121838225
        },
        {
            "epoch": 2,
            "precision": 0.6933775930177246,
            "recall": 0.6931818181818181,
            "macro_f1": 0.6931041430940682
        },
        {
            "epoch": 3,
            "precision": 0.6916853373164054,
            "recall": 0.6909090909090909,
            "macro_f1": 0.6905958511716408
        }
    ],
    "test_metrics": {
        "precision": 0.5933019622387834,
        "recall": 0.5894444444444444,
        "macro_f1": 0.5851565767277892
    }
}