{
    "config": {
        "batch_size": 64,
        "classifier_lr": 1e-05,
        "dataset": "figlang-reddit",
        "dropout": 0.1,
        "epochs": 10,
        "model_lr": 5e-07,
        "model_name": "roberta-base",
        "output_dir": "./out",
        "pretrain_epochs": 20,
        "pretrain_lr": 5e-05,
        "temperature": 0.07
    },
    "pretrain_losses": [
        4.1384231352037,
        4.119699608895086,
        4.073664292212455,
        4.122931468871332,
        4.140895105177356,
        4.137767837893579,
        4.140943781022103,
        4.140945865261939,
        4.140944742387341,
        4.140945865261939,
        4.140941604491203,
        4.140942150546659,
        4.140945211533578,
        4.14094514231528,
        4.1409472957734135,
        4.1409478879744,
        4.140941166108655,
        4.140938335849393,
        4.140941535272906,
        4.140947049663913
    ],
    "finetune_losses": [
        0.7155502169362961,
        0.6995056627258178,
        0.6961923241615295,
        0.6970361903790505,
        0.6936064660549164,
        0.6942395462143806,
        0.6909059680277302,
        0.6931991538693828,
        0.6909655620974879,
        0.6892647176019607
    ],
    "validation_metrics": [
        {
            "epoch": 1,
            "precision": 0.25,
            "recall": 0.5,
            "macro_f1": 0.3333333333333333
        },
        {
            "epoch": 2,
            "precision": 0.25,
            "recall": 0.5,
            "macro_f1": 0.3333333333333333
        },
        {
            "epoch": 3,
            "precision": 0.7505694760820045,
            "recall": 0.5022727272727273,
            "macro_f1": 0.33836403710544566
        },
        {
            "epoch": 4,
            "precision": 0.6314217443249701,
            "recall": 0.5636363636363636,
            "macro_f1": 0.4990393510282502
        },
        {
            "epoch": 5,
            "precision": 0.6335940045617465,
            "recall": 0.5931818181818181,
            "macro_f1": 0.559899194787633
        },
        {
            "epoch": 6,
            "precision": 0.6853553921568627,
            "recall": 0.55,
            "macro_f1": 0.4494995450409463
        },
        {
            "epoch": 7,
            "precision": 0.6749734888653234,
            "recall": 0.6636363636363636,
            "macro_f1": 0.65809811827957
        },
        {
            "epoch": 8,
            "precision": 0.6617103494623655,
            "recall": 0.6590909090909092,
            "macro_f1": 0.6577047547921335
        },
        {
            "epoch": 9,
            "precision": 0.6659125188536953,
            "recall": 0.665909090909091,
            "macro_f1": 0.665907365223994
        },
        {
            "epoch": 10,
            "precision": 0.6705426356589147,
            "recall": 0.6704545454545454,
            "macro_f1": 0.6704119850187266
        }
    ],
    "test_metrics": {
        "precision": 0.5209299080634409,
        "recall": 0.5183333333333333,
        "macro_f1": 0.5029162184811583
    }
}