{
    "config": {
        "batch_size": 64,
        "classifier_lr": 3e-05,
        "dataset": "figlang-reddit",
        "dropout": 0.1,
        "epochs": 10,
        "model_lr": 1e-06,
        "model_name": "roberta-base",
        "output_dir": "./out",
        "pretrain_epochs": 20,
        "pretrain_lr": 3e-05,
        "temperature": 0.5
    },
    "pretrain_losses": [
        4.1404049550333335,
        4.127541011379611,
        4.098745076887069,
        4.0427853292034515,
        3.940672251486009,
        3.929918146902515,
        3.718893704875823,
        3.6276152556942356,
        3.5765468382066294,
        3.540115564100204,
        3.5220055234047676,
        3.5246820296010664,
        3.501234193002024,
        3.495991560720628,
        3.4969894270743094,
        3.4943925373015867,
        3.4886816201671476,
        3.4844254832113943,
        3.4895296289074804,
        3.4859364340382237
    ],
    "finetune_losses": [
        0.3343014918988751,
        0.12479727498946651,
        0.05855956030709128,
        0.03978061228389702,
        0.031171841321573142
    ],
    "validation_metrics": [
        {
            "epoch": 1,
            "precision": 0.6911041339612769,
            "recall": 0.6886363636363637,
            "macro_f1": 0.6876279310791553
        },
        {
            "epoch": 2,
            "precision": 0.6957133399536577,
            "recall": 0.6954545454545454,
            "macro_f1": 0.6953538359788359
        },
        {
            "epoch": 3,
            "precision": 0.7046130952380952,
            "recall": 0.7045454545454546,
            "macro_f1": 0.7045210347962642
        },
        {
            "epoch": 4,
            "precision": 0.6967717780181379,
            "recall": 0.6954545454545454,
            "macro_f1": 0.6949440178811648
        },
        {
            "epoch": 5,
            "precision": 0.6979276540299063,
            "recall": 0.6977272727272728,
            "macro_f1": 0.6976507483815635
        }
    ],
    "test_metrics": {
        "precision": 0.5930720504757017,
        "recall": 0.5922222222222222,
        "macro_f1": 0.5912892516373797
    }
}