{
    "config": {
        "model_name": "roberta-base",
        "dataset": "figlang-twitter",
        "output_dir": "./out",
        "batch_size": 64,
        "pretrain_epochs": 20,
        "epochs": 10,
        "pretrain_lr": 0.0001,
        "classifier_lr": 3e-05,
        "model_lr": 5e-07,
        "dropout": 0.1,
        "temperature": 0.25
    },
    "pretrain_losses": [
        4.12490885694262,
        4.1265509464371375,
        4.126546886605277,
        4.126353220200874,
        4.126553310474879,
        4.126553428005165,
        4.12655152401454,
        4.126552296356416,
        4.126552027715763,
        4.126552991464105,
        4.126550909499048,
        4.12655017745327,
        4.126549092816635,
        4.1264319251960435,
        4.126243027163223,
        4.126551577742671,
        4.1265494219014345,
        4.126549277507084,
        4.1265503218476205,
        4.126550093503066
    ],
    "finetune_losses": [
        0.7983961692998107,
        0.7153270907804999,
        0.7114346623420715
    ],
    "validation_metrics": [
        {
            "epoch": 1,
            "precision": 0.25,
            "recall": 0.5,
            "macro_f1": 0.3333333333333333
        },
        {
            "epoch": 2,
            "precision": 0.25,
            "recall": 0.5,
            "macro_f1": 0.3333333333333333
        },
        {
            "epoch": 3,
            "precision": 0.25,
            "recall": 0.5,
            "macro_f1": 0.3333333333333333
        }
    ],
    "test_metrics": {
        "precision": 0.25,
        "recall": 0.5,
        "macro_f1": 0.3333333333333333
    }
}