{
    "config": {
        "batch_size": 64,
        "classifier_lr": 3e-05,
        "dataset": "figlang-reddit",
        "dropout": 0.2,
        "epochs": 10,
        "model_lr": 1e-06,
        "model_name": "roberta-base",
        "output_dir": "./out",
        "pretrain_epochs": 20,
        "pretrain_lr": 3e-05,
        "temperature": 0.5
    },
    "pretrain_losses": [
        4.140152746631253,
        4.116000863813585,
        4.045496225357056,
        3.8966433540467293,
        3.7507392667954966,
        3.621958259613283,
        3.56563070512587,
        3.5254497181984688,
        3.536471643755513,
        3.5222142704071535,
        3.4927438535997943,
        3.495118310374598,
        3.4811199711215113,
        3.4793131889835482,
        3.4783747388470556,
        3.4757134722125147,
        3.473265870924919,
        3.4679675256052325,
        3.4722257814099713,
        3.4688018483500325
    ],
    "finetune_losses": [
        0.5129585102681191,
        0.12432108999740693,
        0.029665063616008527,
        0.017965244384662758
    ],
    "validation_metrics": [
        {
            "epoch": 1,
            "precision": 0.6925666576892001,
            "recall": 0.6772727272727272,
            "macro_f1": 0.670735049221105
        },
        {
            "epoch": 2,
            "precision": 0.7053771471247199,
            "recall": 0.7045454545454546,
            "macro_f1": 0.704246034208186
        },
        {
            "epoch": 3,
            "precision": 0.699213139324299,
            "recall": 0.6977272727272728,
            "macro_f1": 0.6971625810524791
        },
        {
            "epoch": 4,
            "precision": 0.6995454450676619,
            "recall": 0.6977272727272728,
            "macro_f1": 0.6970371559181814
        }
    ],
    "test_metrics": {
        "precision": 0.6091161452875203,
        "recall": 0.5966666666666667,
        "macro_f1": 0.5848244240662044
    }
}