{
    "config": {
        "batch_size": 64,
        "classifier_lr": 1e-05,
        "dataset": "figlang-reddit",
        "dropout": 0.5,
        "epochs": 10,
        "model_lr": 1e-06,
        "model_name": "roberta-base",
        "output_dir": "./out",
        "pretrain_epochs": 20,
        "pretrain_lr": 5e-05,
        "temperature": 0.2
    },
    "pretrain_losses": [
        4.139256231246456,
        4.120984638890913,
        4.07939899352289,
        3.971328854560852,
        3.8063729962994977,
        3.6493922048999416,
        3.555138276469323,
        3.5269163077877415,
        3.4877993560606435,
        3.503349523390493,
        3.4659989456976614,
        3.4782403399867396,
        3.4557579448146205,
        3.4502075833659016,
        3.4472780919844106,
        3.4428546890135734,
        3.442254493313451,
        3.4389917773585164,
        3.4437181449705556,
        3.4410940177979006
    ],
    "finetune_losses": [
        0.6499891257093798,
        0.35571812910418354,
        0.17055905237793922,
        0.08742004344540258
    ],
    "validation_metrics": [
        {
            "epoch": 1,
            "precision": 0.6891091364775574,
            "recall": 0.6886363636363637,
            "macro_f1": 0.6884416396611519
        },
        {
            "epoch": 2,
            "precision": 0.6967717780181379,
            "recall": 0.6954545454545454,
            "macro_f1": 0.6949440178811648
        },
        {
            "epoch": 3,
            "precision": 0.6965979099644652,
            "recall": 0.6931818181818181,
            "macro_f1": 0.6918431824194979
        },
        {
            "epoch": 4,
            "precision": 0.6974288337924701,
            "recall": 0.6954545454545455,
            "macro_f1": 0.6946912736386421
        }
    ],
    "test_metrics": {
        "precision": 0.6165904773700728,
        "recall": 0.6138888888888889,
        "macro_f1": 0.6116391528580223
    }
}