{
    "config": {
        "model_name": "roberta-base",
        "dataset": "figlang-twitter",
        "output_dir": "./out",
        "batch_size": 64,
        "pretrain_epochs": 20,
        "epochs": 10,
        "pretrain_lr": 5e-05,
        "classifier_lr": 3e-05,
        "model_lr": 5e-07,
        "dropout": 0.3,
        "temperature": 0.2
    },
    "pretrain_losses": [
        4.06100539422371,
        4.0325156601381975,
        3.926624294737695,
        3.760432068730744,
        3.645388348001829,
        3.543414317386251,
        3.548311048830059,
        3.481249298847897,
        3.4883246455394046,
        3.477660101903996,
        3.4762355945479704,
        3.4718206701144365,
        3.4715601457676417,
        3.468577223764339,
        3.4688609553055025,
        3.4699665694169597,
        3.463115373127897,
        3.452016642395879,
        3.4571739720626615,
        3.460720196576186
    ],
    "finetune_losses": [
        0.6592237206412034,
        0.2877814914558975,
        0.12944902668536548,
        0.07617535982543314
    ],
    "validation_metrics": [
        {
            "epoch": 1,
            "precision": 0.8078817733990147,
            "recall": 0.8,
            "macro_f1": 0.7987117552334944
        },
        {
            "epoch": 2,
            "precision": 0.8181272509003601,
            "recall": 0.8180000000000001,
            "macro_f1": 0.817981798179818
        },
        {
            "epoch": 3,
            "precision": 0.816080916714679,
            "recall": 0.8160000000000001,
            "macro_f1": 0.8159882232462878
        },
        {
            "epoch": 4,
            "precision": 0.8160202252944189,
            "recall": 0.8160000000000001,
            "macro_f1": 0.8159970559528953
        }
    ],
    "test_metrics": {
        "precision": 0.6967457458700783,
        "recall": 0.6955555555555555,
        "macro_f1": 0.6950944329387037
    }
}