{
    "config": {
        "batch_size": 64,
        "classifier_lr": 1e-05,
        "dataset": "figlang-reddit",
        "dropout": 0.5,
        "epochs": 10,
        "model_lr": 5e-07,
        "model_name": "roberta-base",
        "output_dir": "./out",
        "pretrain_epochs": 20,
        "pretrain_lr": 3e-05,
        "temperature": 0.2
    },
    "pretrain_losses": [
        4.14055916570848,
        4.139237515387997,
        4.136144122769756,
        4.141047308521886,
        4.1410549456073396,
        4.141051607747232,
        4.141047346976496,
        4.1410497619259745,
        4.141053030567784,
        4.141050100326538,
        4.141050054181006,
        4.141054122678695,
        4.141050407963414,
        4.141048369869109,
        4.141048992833784,
        4.1410469624304005,
        4.141046939357635,
        4.141040809692875,
        4.1410436168793705,
        4.141037910215316
    ],
    "finetune_losses": [
        0.6994149761815225,
        0.6991980556518801,
        0.7005562032422712,
        0.6960639453703358,
        0.6999816423462283
    ],
    "validation_metrics": [
        {
            "epoch": 1,
            "precision": 0.25,
            "recall": 0.5,
            "macro_f1": 0.3333333333333333
        },
        {
            "epoch": 2,
            "precision": 0.5883826448624634,
            "recall": 0.5772727272727273,
            "macro_f1": 0.5635572431152542
        },
        {
            "epoch": 3,
            "precision": 0.6276525198938991,
            "recall": 0.6272727272727272,
            "macro_f1": 0.6269952857497312
        },
        {
            "epoch": 4,
            "precision": 0.5836301068384618,
            "recall": 0.5431818181818182,
            "macro_f1": 0.48034854957077633
        },
        {
            "epoch": 5,
            "precision": 0.25,
            "recall": 0.5,
            "macro_f1": 0.3333333333333333
        }
    ],
    "test_metrics": {
        "precision": 0.41793674316820767,
        "recall": 0.45166666666666666,
        "macro_f1": 0.3888694152980784
    }
}